Магазин,Категория,Бренд,Модель,Цвет,RAM,ROM,Цена,Ссылка на изображение,Ссылка,Рейтинг,Кол-во отзывов,Код продукта

dns,смартфоны,realme,6i,белый,4,128,13999,https://c.dns-shop.ru/thumb/st1/fit/200/200/b5f69b2ded95aebcc5cf4685e335f3c1/861a883f79c8ee6a94e529acbc2f0f74b7b3c058e41e07ee98a1b16da73b8a59.jpg,https://www.dns-shop.ru/product/854dc0c06e3b1b80/65-smartfon-realme-6i-128-gb-belyj/,4.5,97,1647768
dns,смартфоны,realme,6i,зеленый,4,128,13890,https://c.dns-shop.ru/thumb/st1/fit/200/200/5c9823bfe7a27c687fd3d565d5d498e9/a535d98adb55445504fc5f83e9df2aade4cc1fcd05aed0a8005cdb0c133d9c6a.jpg,https://www.dns-shop.ru/product/b5cb85606e3b1b80/65-smartfon-realme-6i-128-gb-zelenyj/,4.5,97,1647769
мтс,смартфоны,realme,6i,white,4,128,13990,https://mtscdn.ru/upload/iblock/9e5/smartfon_realme_6i_4_128gb_white_1.jpg/resize/260x260/,https://www.shop.mts.ru/product/smartfon-realme-6i-4-128gb-white,5.0,5,none

dns,смартфоны,realme,c3,красный,3,64,9999,https://c.dns-shop.ru/thumb/st4/fit/200/200/a23bbbd8b5263397e9b966a6f12f3ba4/e80924477921b6f16fb68af7a77f373f79c2752fe1bb91de6423015a8a8fc720.jpg,https://www.dns-shop.ru/product/96e2c63b5d003332/652-smartfon-realme-c3-64-gb-krasnyj/,4.5,527,1641174
dns,смартфоны,realme,c3,серый,3,64,9999,https://c.dns-shop.ru/thumb/st4/fit/200/200/7b46b20afe03290ca55403ee62497469/cd2341a1f7d0bc6efb9d41876a125cc7a073b963e60ca454fcaedda7104a5806.jpg,https://www.dns-shop.ru/product/bf256b6f79643332/652-smartfon-realme-c3-64-gb-seryj/,4.5,527,1653023
dns,смартфоны,realme,c3,синий,3,64,9999,https://c.dns-shop.ru/thumb/st4/fit/200/200/3937a0ca2f7bb3ebf94885a0689ca1c0/f2f859ba0028e5c6fa9b3f6dbcf196b50645bb3a0c3a3a21d63d65c4e4727cde.jpg,https://www.dns-shop.ru/product/848e429c5d003332/652-smartfon-realme-c3-64-gb-sinij/,4.5,527,1641173
мтс,смартфоны,realme,c3,grey,3,64,9990,https://mtscdn.ru/upload/iblock/568/11.jpg/resize/260x260/,https://www.shop.mts.ru/product/smartfon-realme-c3-3-64gb-grey,5.0,5,none
мвидео,смартфоны,realme,c3,frozen blue,3,64,9990,https://img.mvideo.ru/pdb/small_pic/480/30048601b.jpg,https://www.mvideo.ru/products/smartfon-realme-c3-364gb-nfc-frozen-blue-rmx2020-30048601,4.8,25,30048601
мвидео,смартфоны,realme,c3,volcano grey,3,64,9990,https://img.mvideo.ru/pdb/small_pic/480/30049951b.jpg,https://www.mvideo.ru/products/smartfon-realme-c3-364gb-nfc-volcano-grey-rmx2020-30049951,4.9,10,30049951
мвидео,смартфоны,realme,c3,blazing red,3,64,9990,https://img.mvideo.ru/pdb/small_pic/480/30048602b.jpg,https://www.mvideo.ru/products/smartfon-realme-c3-364gb-nfc-blazing-red-rmx2020-30048602,5.0,6,30048602

мтс,смартфоны,oppo,a53,black,4,64,12990,/images/placeholder-bg.svg,https://www.shop.mts.ru/product/smartfon-oppo-a53-4-64gb-black,5.0,5,none
мтс,смартфоны,oppo,a53,mint,4,64,12990,/images/placeholder-bg.svg,https://www.shop.mts.ru/product/smartfon-oppo-a53-4-64gb-mint,5.0,5,none
dns,смартфоны,oppo,a53,зеленый,4,64,12999,https://c.dns-shop.ru/thumb/st4/fit/200/200/390eb562f058ce65c8ca80e240a4aa58/74047a633db7113069957a3b26a490dd64b29cc39fec25c969de6ba07e8537e1.jpg,https://www.dns-shop.ru/product/37c913f9fed31b80/65-smartfon-oppo-a53-64-gb-zelenyj/,4.0,19,4716215
dns,смартфоны,oppo,a53,синий,4,64,10490,https://c.dns-shop.ru/thumb/st4/fit/200/200/05ff8ad38602b152d351683b2ac64299/7fd9b4d9912fbb0189e9af6eb4ab332fe966e9246e9a9090093aae0d9c2fbc20.jpg,https://www.dns-shop.ru/product/1749ce2efed31b80/65-smartfon-oppo-a53-64-gb-sinij/,4.0,19,4716214
dns,смартфоны,oppo,a53,черный,4,64,12999,https://c.dns-shop.ru/thumb/st4/fit/200/200/5529032d7ca22610730ede4e52f3b570/8a735cb124ca0b5ef5f64e360afe142baa2f9f977ac58523d456d755b7816d3e.jpg,https://www.dns-shop.ru/product/f2d3ce7ffed21b80/65-smartfon-oppo-a53-64-gb-cernyj/,4.0,19,4716213
мвидео,смартфоны,oppo,a53,fancy blue,4,64,8890,https://img.mvideo.ru/pdb/small_pic/480/30053595b.jpg,https://www.mvideo.ru/products/smartfon-oppo-a53-464gb-fancy-blue-cph2127-30053595,0.0,0,30053595
мвидео,смартфоны,oppo,a53,electric black,4,64,8990,https://img.mvideo.ru/pdb/small_pic/480/30053593b.jpg,https://www.mvideo.ru/products/smartfon-oppo-a53-464gb-electric-black-cph2127-30053593,4.7,7,30053593

мвидео,смартфоны,nokia,5.3,charcoal,4,64,14990,https://img.mvideo.ru/pdb/small_pic/480/30050275b.jpg,https://www.mvideo.ru/products/smartfon-nokia-53-464gb-charcoal-ta-1234-30050275,5.0,2,30050275
мвидео,смартфоны,nokia,5.3,cyan,4,64,14990,https://img.mvideo.ru/pdb/small_pic/480/30050547b.jpg,https://www.mvideo.ru/products/smartfon-nokia-53-464gb-cyan-ta-1234-30050547,5.0,2,30050547
dns,смартфоны,nokia,5.3,голубой,4,64,13499,https://c.dns-shop.ru/thumb/st4/fit/200/200/423a33d47080d30ef6ada83979776b11/319c79168d545a3d5c61d956b29c9b15ba87a7d5e45433568dafae98775336cb.jpg,https://www.dns-shop.ru/product/ac108e3b73dc3332/655-smartfon-nokia-53-64-gb-goluboj/,4.5,40,1651568
dns,смартфоны,nokia,5.3,золотистый,4,64,13499,https://c.dns-shop.ru/thumb/st1/fit/200/200/254f71b948904947a9c9d83e20221e57/537224b6afc95dd7cc585aca70948642246d06a5f335feaf762d41bf77935ea6.jpg,https://www.dns-shop.ru/product/e29b9f5973dc3332/655-smartfon-nokia-53-64-gb-zolotistyj/,4.5,40,1651571
dns,смартфоны,nokia,5.3,черный,4,64,10499,https://c.dns-shop.ru/thumb/st1/fit/200/200/98fcba701ff8e1a980f62f5468d606b2/e7175acb1476da116b3e0247c1bffd7b73ee05980759347b70bcb55ad23f8125.jpg,https://www.dns-shop.ru/product/c8dbcb7b73dc3332/655-smartfon-nokia-53-64-gb-cernyj/,4.5,40,1651570
мтс,смартфоны,nokia,5.3,black,4,64,13490,https://mtscdn.ru/upload/iblock/41c/nokia_5.jpg/resize/260x260/,https://www.shop.mts.ru/product/smartfon-nokia-5-3-4-64gb-black,0,0,none
мтс,смартфоны,nokia,5.3,turquoise,4,64,13490,https://mtscdn.ru/upload/iblock/a31/nokia_5.jpg/resize/260x260/,https://www.shop.mts.ru/product/smartfon-nokia-5-3-4-64gb-turquoise,0,0,none

dns,смартфоны,realme,6,белый,4,128,16999,https://c.dns-shop.ru/thumb/st1/fit/200/200/48073ef4d3cc79903f9964e0066fd918/6fd26fbdfec2fbe57e535ce41c69334e7a1e9fe6ea3db785c528bb4271c7f637.jpg,https://www.dns-shop.ru/product/370dbc746e3c1b80/65-smartfon-realme-6-4128-gb-belyj/,4.5,203,1647771
dns,смартфоны,realme,6,синий,4,128,16999,https://c.dns-shop.ru/thumb/st4/fit/200/200/c49aae76ad7629f9b51cbe6c4f9a3901/f882590e9e929937b30fa9df65d9bc1818c2ef6fd8ee35fe8af9222099267553.jpg,https://www.dns-shop.ru/product/76b595e16e3c1b80/65-smartfon-realme-6-4128-gb-sinij/,4.5,203,1647773
мтс,смартфоны,realme,6,comet blue,4,128,16990,https://mtscdn.ru/upload/iblock/a74/smartfon_realme_6_4_128gb_comet_blue_1.jpg/resize/260x260/,https://www.shop.mts.ru/product/smartfon-realme-6-4-128gb-comet-blue,5.0,5,none
мвидео,смартфоны,realme,6,comet blue,4,128,16990,https://img.mvideo.ru/pdb/small_pic/480/30048607b.jpg,https://www.mvideo.ru/products/smartfon-realme-6-4128gb-comet-blue-rmx2001-30048607,4.9,12,30048607
мвидео,смартфоны,realme,6,comet white,4,128,16990,https://img.mvideo.ru/pdb/small_pic/480/30048608b.jpg,https://www.mvideo.ru/products/smartfon-realme-6-4128gb-comet-white-rmx2001-30048608,5.0,6,30048608

dns,смартфоны,realme,6,белый,8,128,18999,https://c.dns-shop.ru/thumb/st1/fit/200/200/48073ef4d3cc79903f9964e0066fd918/6fd26fbdfec2fbe57e535ce41c69334e7a1e9fe6ea3db785c528bb4271c7f637.jpg,https://www.dns-shop.ru/product/e45bf3746e3c1b80/65-smartfon-realme-6-8128-gb-belyj/,4.5,203,1647777
dns,смартфоны,realme,6,синий,8,128,18999,https://c.dns-shop.ru/thumb/st4/fit/200/200/c49aae76ad7629f9b51cbe6c4f9a3901/f882590e9e929937b30fa9df65d9bc1818c2ef6fd8ee35fe8af9222099267553.jpg,https://www.dns-shop.ru/product/b7d512de6e3c1b80/65-smartfon-realme-6-8128-gb-sinij/,4.5,203,1647776
мвидео,смартфоны,realme,6,comet blue,8,128,18990,https://img.mvideo.ru/pdb/small_pic/480/30048609b.jpg,https://www.mvideo.ru/products/smartfon-realme-6-8128gb-comet-blue-rmx2001-30048609,4.7,20,30048609
мвидео,смартфоны,realme,6,comet white,8,128,18990,https://img.mvideo.ru/pdb/small_pic/480/30048620b.jpg,https://www.mvideo.ru/products/smartfon-realme-6-8128gb-comet-white-rmx2001-30048620,4.9,8,30048620

dns,смартфоны,xiaomi,redmi note 8 pro,белый,6,64,18399,https://c.dns-shop.ru/thumb/st1/fit/200/200/d4c4d16ce659a5a930eae4ef8313ce9f/62f8eb61cab646e16e941da8ff38e75654dd59ec8acb26e1e95c4b6e2e375de8.jpg,https://www.dns-shop.ru/product/fa15db2bd3933332/653-smartfon-xiaomi-redmi-note-8-pro-64-gb-belyj/,4.5,2326,1394638
dns,смартфоны,xiaomi,redmi note 8 pro,зеленый,6,64,18399,https://c.dns-shop.ru/thumb/st1/fit/200/200/dd8017c6c0b12bf8fa04a9c4bcc7cf2d/8e66298df43603b23b5e9c9021dc2d84324817d716c1ecc7630292f217132d42.jpg,https://www.dns-shop.ru/product/d156a9c0d3931b80/653-smartfon-xiaomi-redmi-note-8-pro-64-gb-zelenyj/,4.5,2326,1394637
dns,смартфоны,xiaomi,redmi note 8 pro,оранжевый,6,64,18399,https://c.dns-shop.ru/thumb/st1/fit/200/200/1d1ca58e7477778279b757450108d469/38c0b357318c158e3020924a605ef996c21349ee5348adbd5c8cec1fe045d406.jpg,https://www.dns-shop.ru/product/695ca4f2dae63332/653-smartfon-xiaomi-redmi-note-8-pro-64-gb-oranzevyj/,4.5,2326,1695611
dns,смартфоны,xiaomi,redmi note 8 pro,серый,6,64,18399,https://c.dns-shop.ru/thumb/st1/fit/200/200/eedfa7af6a77045f73f2a34b62f48788/05a7e7020e1e2bd418ec143206330fac1b9e16a7ca1655a1b0436c5053566d76.jpg,https://www.dns-shop.ru/product/9730127ed3931b80/653-smartfon-xiaomi-redmi-note-8-pro-64-gb-seryj/,4.5,2326,1394634
dns,смартфоны,xiaomi,redmi note 8 pro,синий,6,64,18399,https://c.dns-shop.ru/thumb/st1/fit/200/200/dd8017c6c0b12bf8fa04a9c4bcc7cf2d/8e66298df43603b23b5e9c9021dc2d84324817d716c1ecc7630292f217132d42.jpg,https://www.dns-shop.ru/product/2c36a5b2dffc1b80/653-smartfon-xiaomi-redmi-note-8-pro-64-gb-sinij/,4.5,2326,1399465
мтс,смартфоны,xiaomi,redmi note 8 pro,orange,6,64,18990,https://mtscdn.ru/upload/iblock/df1/smartfon_xiaomi_redmi_note_8_pro_6_64gb_orange_1.jpg/resize/260x260/,https://www.shop.mts.ru/product/smartfon-xiaomi-redmi-note-8-pro-6-64gb-orange,4.5,4,none
мтс,смартфоны,xiaomi,redmi note 8 pro,orange,6,64,18990,https://mtscdn.ru/upload/iblock/df1/smartfon_xiaomi_redmi_note_8_pro_6_64gb_orange_1.jpg/resize/260x260/,https://www.shop.mts.ru/product/smartfon-xiaomi-redmi-note-8-pro-6-64gb-orange,4.5,4,none
мтс,смартфоны,xiaomi,redmi note 8 pro,blue,6,64,18990,https://mtscdn.ru/upload/iblock/14e/smartfon_xiaomi_redmi_note_8_pro_6_128gb_blue.jpg/resize/260x260/,https://www.shop.mts.ru/product/smartfon-xiaomi-redmi-note-8-pro-6-64gb-blue,4.3,4,none
мвидео,смартфоны,xiaomi,redmi note 8 pro,forest green,6,64,19990,https://img.mvideo.ru/pdb/small_pic/480/30046135b.jpg,https://www.mvideo.ru/products/smartfon-xiaomi-redmi-note-8-pro-664gb-forest-green-30046135,4.7,52,30046135
мвидео,смартфоны,xiaomi,redmi note 8 pro,mineral grey,6,64,19990,https://img.mvideo.ru/pdb/small_pic/480/30046136b.jpg,https://www.mvideo.ru/products/smartfon-xiaomi-redmi-note-8-pro-664gb-mineral-grey-30046136,4.6,43,30046136
мвидео,смартфоны,xiaomi,redmi note 8 pro,pearl white,6,64,19990,https://img.mvideo.ru/pdb/small_pic/480/30046134b.jpg,https://www.mvideo.ru/products/smartfon-xiaomi-redmi-note-8-pro-664gb-pearl-white-30046134,4.8,27,30046134
мвидео,смартфоны,xiaomi,redmi note 8 pro,ocean blue,6,64,19990,https://img.mvideo.ru/pdb/small_pic/480/30046137b.jpg,https://www.mvideo.ru/products/smartfon-xiaomi-redmi-note-8-pro-664gb-ocean-blue-30046137,4.7,23,30046137
мвидео,смартфоны,xiaomi,redmi note 8 pro,coral orange,6,64,19990,https://img.mvideo.ru/pdb/small_pic/480/30052601b.jpg,https://www.mvideo.ru/products/smartfon-xiaomi-redmi-note-8-pro-664gb-coral-orange-30052601,0.0,0,30052601

dns,смартфоны,samsung,galaxy a51,белый,4,64,18849,https://c.dns-shop.ru/thumb/st1/fit/200/200/cc85213796aca6b07a7ea4065a0332cc/c8502cc400fb40292ac4142d7796aeda8caa9cc97aff1e11f01acbdf8267a06b.jpg,https://www.dns-shop.ru/product/fbfb791635bf3332/65-smartfon-samsung-galaxy-a51-64-gb-belyj/,4.5,1167,1623519
dns,смартфоны,samsung,galaxy a51,голубой,4,64,18849,https://c.dns-shop.ru/thumb/st1/fit/200/200/7b5559ca91ffa9363c6adb3509f01122/464830cd00a64bf38784daec1746fe28b63471bf7222a4d0151a52fcabc76d12.jpg,https://www.dns-shop.ru/product/7824f31cd6483332/65-smartfon-samsung-galaxy-a51-64-gb-goluboj/,4.5,1167,1693711
dns,смартфоны,samsung,galaxy a51,красный,4,64,18849,https://c.dns-shop.ru/thumb/st1/fit/200/200/41db62183711f3a410f8ec7a06f73410/5263fb4ee9db5cd9ed29d9dedf32d29932f99921172187eeddf4d51a0c09f1ae.jpg,https://www.dns-shop.ru/product/13137c0135c03332/65-smartfon-samsung-galaxy-a51-64-gb-krasnyj/,4.5,1167,1623520
dns,смартфоны,samsung,galaxy a51,черный,4,64,18849,https://c.dns-shop.ru/thumb/st1/fit/200/200/41db62183711f3a410f8ec7a06f73410/5263fb4ee9db5cd9ed29d9dedf32d29932f99921172187eeddf4d51a0c09f1ae.jpg,https://www.dns-shop.ru/product/bb628e0335be3332/65-smartfon-samsung-galaxy-a51-64-gb-cernyj/,4.5,1167,1623517
мтс,смартфоны,samsung,galaxy a51,black,4,64,21490,https://mtscdn.ru/upload/iblock/dad/smartfon_samsung_a515_galaxy_a51_4_64gb_black.jpg/resize/260x260/,https://www.shop.mts.ru/product/smartfon-samsung-a515-galaxy-a51-4-64gb-black,4.1,4,none
мвидео,смартфоны,samsung,galaxy a51,blue,4,64,19990,https://img.mvideo.ru/pdb/small_pic/480/30051583b.jpg,https://www.mvideo.ru/products/smartfon-samsung-galaxy-a51-64gb-blue-sm-a515f-30051583,0.0,0,30051583
мвидео,смартфоны,samsung,galaxy a51,red,4,64,19990,https://img.mvideo.ru/pdb/small_pic/480/30047893b.jpg,https://www.mvideo.ru/products/smartfon-samsung-galaxy-a51-64gb-red-sm-a515f-30047893,4.8,43,30047893
мвидео,смартфоны,samsung,galaxy a51,black,4,64,19990,https://img.mvideo.ru/pdb/small_pic/480/30047894b.jpg,https://www.mvideo.ru/products/smartfon-samsung-galaxy-a51-64gb-black-sm-a515f-30047894,4.1,174,30047894
мвидео,смартфоны,samsung,galaxy a51,white,4,64,19990,https://img.mvideo.ru/pdb/small_pic/480/30047892b.jpg,https://www.mvideo.ru/products/smartfon-samsung-galaxy-a51-64gb-white-sm-a515f-30047892,4.5,130,30047892

dns,смартфоны,xiaomi,redmi note 8 pro,белый,6,128,20339,https://c.dns-shop.ru/thumb/st1/fit/200/200/d4c4d16ce659a5a930eae4ef8313ce9f/62f8eb61cab646e16e941da8ff38e75654dd59ec8acb26e1e95c4b6e2e375de8.jpg,https://www.dns-shop.ru/product/623bc19fd3943332/653-smartfon-xiaomi-redmi-note-8-pro-128-gb-belyj/,4.5,2326,1394641
dns,смартфоны,xiaomi,redmi note 8 pro,зеленый,6,128,20339,https://c.dns-shop.ru/thumb/st1/fit/200/200/dd8017c6c0b12bf8fa04a9c4bcc7cf2d/8e66298df43603b23b5e9c9021dc2d84324817d716c1ecc7630292f217132d42.jpg,https://www.dns-shop.ru/product/4aed36f4d3943332/653-smartfon-xiaomi-redmi-note-8-pro-128-gb-zelenyj/,4.5,2326,1394640
dns,смартфоны,xiaomi,redmi note 8 pro,оранжевый,6,128,20339,https://c.dns-shop.ru/thumb/st4/fit/200/200/60d7dd2d5d4f2bab960586891132ecd3/2232439286db00d50fd144f50bb6035c4084df5e14e76ec70c95190361332968.jpg,https://www.dns-shop.ru/product/68c8e736e0ee1b80/653-smartfon-xiaomi-redmi-note-8-pro-128-gb-oranzevyj/,4.5,2326,1699372
dns,смартфоны,xiaomi,redmi note 8 pro,серый,6,128,20339,https://c.dns-shop.ru/thumb/st1/fit/200/200/eedfa7af6a77045f73f2a34b62f48788/05a7e7020e1e2bd418ec143206330fac1b9e16a7ca1655a1b0436c5053566d76.jpg,https://www.dns-shop.ru/product/2b45326ad3943332/653-smartfon-xiaomi-redmi-note-8-pro-128-gb-seryj/,4.5,2326,1394639
dns,смартфоны,xiaomi,redmi note 8 pro,синий,6,128,20339,https://c.dns-shop.ru/thumb/st1/fit/200/200/dd8017c6c0b12bf8fa04a9c4bcc7cf2d/8e66298df43603b23b5e9c9021dc2d84324817d716c1ecc7630292f217132d42.jpg,https://www.dns-shop.ru/product/9ad91632dffb1b80/653-smartfon-xiaomi-redmi-note-8-pro-128-gb-sinij/,4.5,2326,1399464
мтс,смартфоны,xiaomi,redmi note 8 pro,orange,6,128,20990,https://mtscdn.ru/upload/iblock/178/smartfon_xiaomi_redmi_note_8_pro_6_64gb_orange_1.jpg/resize/260x260/,https://www.shop.mts.ru/product/smartfon-xiaomi-redmi-note-8-pro-6-128gb-orange,4.4,4,none
мтс,смартфоны,xiaomi,redmi note 8 pro,orange,6,128,20990,https://mtscdn.ru/upload/iblock/178/smartfon_xiaomi_redmi_note_8_pro_6_64gb_orange_1.jpg/resize/260x260/,https://www.shop.mts.ru/product/smartfon-xiaomi-redmi-note-8-pro-6-128gb-orange,4.4,4,none
мтс,смартфоны,xiaomi,redmi note 8 pro,grey,6,128,20990,https://mtscdn.ru/upload/iblock/ee0/smartfon_xiaomi_redmi_note_8_pro_6_64gb_black_1.jpg/resize/260x260/,https://www.shop.mts.ru/product/smartfon-xiaomi-redmi-note-8-pro-6-128gb-black,4.4,4,none
мтс,смартфоны,xiaomi,redmi note 8 pro,grey,6,128,20990,https://mtscdn.ru/upload/iblock/ee0/smartfon_xiaomi_redmi_note_8_pro_6_64gb_black_1.jpg/resize/260x260/,https://www.shop.mts.ru/product/smartfon-xiaomi-redmi-note-8-pro-6-128gb-black,4.4,4,none

dns,смартфоны,apple,iphone 12 mini,белый,4,64,69490,https://c.dns-shop.ru/thumb/st4/fit/200/200/61704c2e7c8cfdb923d7abfd4f9bac55/e67ca58430974586c876ec5407e060cb3a413c0d6a80747af99150f8bb859cff.jpg,https://www.dns-shop.ru/product/3087122e0da23332/54-smartfon-apple-iphone-12-mini-64-gb-belyj/,4.5,147,4722584
dns,смартфоны,apple,iphone 12 mini,красный,4,64,64399,https://c.dns-shop.ru/thumb/st1/fit/200/200/3c7a66c7bddaf14fa081487879bc979b/d97646879f66b4c8f4690107b503240f40a6b731ed6575fa7fbe4f0a7d0d63fc.jpg,https://www.dns-shop.ru/product/757398a80da23332/54-smartfon-apple-iphone-12-mini-64-gb-krasnyj/,4.5,147,4722587
dns,смартфоны,apple,iphone 12 mini,синий,4,64,64399,https://c.dns-shop.ru/thumb/st1/fit/200/200/94cb2ca68069425a4526ec8ba1be1a3d/2c7802acb6c6761f35e53b47a521f102f9d01998e0e98ad525580523cd20c869.jpg,https://www.dns-shop.ru/product/205388690da23332/54-smartfon-apple-iphone-12-mini-64-gb-sinij/,4.5,147,4722583
dns,смартфоны,apple,iphone 12 mini,черный,4,64,64399,https://c.dns-shop.ru/thumb/st1/fit/200/200/6d5386a360c7241c2379f2b8298a1d0c/a6a92b20eb8d75cd450cf76ee9c2e673a6f539b114f5efb0cc64d1413e5ef180.jpg,https://www.dns-shop.ru/product/3f9c7e030da23332/54-smartfon-apple-iphone-12-mini-64-gb-cernyj/,4.5,147,4722585
мтс,смартфоны,apple,iphone 12 mini,синий,0,128,50490,https://mtscdn.ru/upload/iblock/335/1000_ruru_iphone12mini_q121_blue_pdp_image_1b.jpg/resize/260x260/,https://www.shop.mts.ru/product/smartfon-apple-iphone-12-mini-128gb-sinij,4.1,4,none
мвидео,смартфоны,apple,iphone 12 mini,blue,0,64,69990,https://img.mvideo.ru/pdb/small_pic/480/30052873b.jpg,https://www.mvideo.ru/products/smartfon-apple-iphone-12-mini-64gb-blue-mge13ru-a-30052873,0.0,0,30052873
мвидео,смартфоны,apple,iphone 12 mini,white,0,64,50490,https://img.mvideo.ru/pdb/small_pic/480/30052871b.jpg,https://www.mvideo.ru/products/smartfon-apple-iphone-12-mini-64gb-white-mgdy3ru-a-30052871,0.0,0,30052871
мвидео,смартфоны,apple,iphone 12 mini,red,0,64,69990,https://img.mvideo.ru/pdb/small_pic/480/30052872b.jpg,https://www.mvideo.ru/products/smartfon-apple-iphone-12-mini-64gb-productred-mge03ru-a-30052872,0.0,0,30052872
мвидео,смартфоны,apple,iphone 12 mini,green,0,64,69990,https://img.mvideo.ru/pdb/small_pic/480/30052874b.jpg,https://www.mvideo.ru/products/smartfon-apple-iphone-12-mini-64gb-green-mge23ru-a-30052874,0.0,0,30052874

dns,смартфоны,sony,xperia 5 ii,синий,8,128,49999,https://c.dns-shop.ru/thumb/st1/fit/200/200/7d28727a0aedf945c15bf258f931eba3/ccd38d359ce2909f1e59438ddc1530d70d606403d1d757cee9c9113617593346.jpg,https://www.dns-shop.ru/product/33514c1efc6d1b80/61-smartfon-sony-xperia-5-ii-128-gb-sinij/,4.5,13,4714914
dns,смартфоны,sony,xperia 5 ii,черный,8,128,49999,https://c.dns-shop.ru/thumb/st1/fit/200/200/144445f5d74c0b3871744772fa684873/fed1e1d748092a34102df524629f6705719b2efb796bb6e8110fa18b572fa1f6.jpg,https://www.dns-shop.ru/product/f898fac3fc6c1b80/61-smartfon-sony-xperia-5-ii-128-gb-cernyj/,4.5,13,4714912
мвидео,смартфоны,sony,xperia 5 ii,black,8,128,49990,https://img.mvideo.ru/pdb/small_pic/480/30053769b.jpg,https://www.mvideo.ru/products/smartfon-sony-xperia5ii-black-xq-as52-30053769,5.0,1,30053769
мвидео,смартфоны,sony,xperia 5 ii,blue,8,128,49990,https://img.mvideo.ru/pdb/small_pic/480/30053770b.jpg,https://www.mvideo.ru/products/smartfon-sony-xperia5ii-blue-xq-as52-30053770,5.0,1,30053770

dns,смартфоны,samsung,galaxy s20,голубой,8,128,52899,https://c.dns-shop.ru/thumb/st1/fit/200/200/65779b19ba7e001aa218b6ea46b37edf/3bc2d2792061dfcbccb35447c06b1f4dec787d55728d28479f31e464cfd8e391.jpg,https://www.dns-shop.ru/product/971b16bc42481b80/62-smartfon-samsung-galaxy-s20-128-gb-goluboj/,4.5,112,1627799
dns,смартфоны,samsung,galaxy s20,красный,8,128,52899,https://c.dns-shop.ru/thumb/st1/fit/200/200/9225638495d33307d9e1fa6ae0a238aa/6ed870d7a7970b6c25308aaf8df7693f1305f59326b34fcf4e3de00aba6a486b.jpg,https://www.dns-shop.ru/product/b56c411542481b80/62-smartfon-samsung-galaxy-s20-128-gb-krasnyj/,4.5,112,1627801
dns,смартфоны,samsung,galaxy s20,серый,8,128,52899,https://c.dns-shop.ru/thumb/st1/fit/200/200/ebdc0a4df67fdd231053de66368a8e38/0b49aa709bb7727d5bf75a0749d13c63bf6f09de3f3540ffea47a1fdf515a5b9.jpg,https://www.dns-shop.ru/product/a41f955a42481b80/62-smartfon-samsung-galaxy-s20-128-gb-seryj/,4.5,112,1627800
мтс,смартфоны,samsung,galaxy s20,blue,8,128,59990,https://mtscdn.ru/upload/iblock/299/smartfon_samsung_g980_galaxy_s20_5g_8_128gb_blue.jpg/resize/260x260/,https://www.shop.mts.ru/product/smartfon-samsung-g980-galaxy-s20-5g-8-128gb-blue,5.0,5,none
мвидео,смартфоны,samsung,galaxy s20,light blue,8,128,64490,https://img.mvideo.ru/pdb/small_pic/480/30048208b.jpg,https://www.mvideo.ru/products/smartfon-samsung-galaxy-s20-light-blue-sm-g980f-ds-30048208,4.2,12,30048208
мвидео,смартфоны,samsung,galaxy s20,gray,8,128,64490,https://img.mvideo.ru/pdb/small_pic/480/30048207b.jpg,https://www.mvideo.ru/products/smartfon-samsung-galaxy-s20-gray-sm-g980f-ds-30048207,4.0,31,30048207

dns,смартфоны,apple,iphone 11 pro,зеленый,4,64,80499,https://c.dns-shop.ru/thumb/st4/fit/200/200/94e70be2ba5e9b593661bd3fdf359dec/8e04f323c1d80bd22642b3510f574a32939f35adb3a7f9ba0437b24299a74f8d.jpg,https://www.dns-shop.ru/product/de01a82fd4381b80/58-smartfon-apple-iphone-11-pro-64-gb-zelenyj/,4.5,207,1394835
dns,смартфоны,apple,iphone 11 pro,золотистый,4,64,80499,https://c.dns-shop.ru/thumb/st1/fit/200/200/a4eeb062f092402978ad15325347116b/b1da22cd532e8e7f11d3d771a1a75b1b0fa473a3af7e9b8f2a8b3142150b858f.jpg,https://www.dns-shop.ru/product/de01a82ed4381b80/58-smartfon-apple-iphone-11-pro-64-gb-zolotistyj/,4.5,207,1394834
dns,смартфоны,apple,iphone 11 pro,серебристый,4,64,80499,https://c.dns-shop.ru/thumb/st1/fit/200/200/c8074c72d08fe4cb538d5bfdaf944010/e00a54e42c751b6fb85406cf2b195e4144b67dba482b2f457b44b654b9f519f3.jpg,https://www.dns-shop.ru/product/de01a82dd4381b80/58-smartfon-apple-iphone-11-pro-64-gb-serebristyj/,4.5,207,1394833
dns,смартфоны,apple,iphone 11 pro,серый,4,64,80499,https://c.dns-shop.ru/thumb/st1/fit/200/200/c018912d74506197d8e862e91b6cc0c2/fbbf85ca9eb207ceaef8e3013c8356886d96ae84d5594db294104d625ca37e8d.jpg,https://www.dns-shop.ru/product/de01a82cd4381b80/58-smartfon-apple-iphone-11-pro-64-gb-seryj/,4.5,207,1394832
мтс,смартфоны,apple,iphone 11 pro,тёмно-зелёный,0,64,79890,https://mtscdn.ru/upload/iblock/25e/smartfon_apple_iphone_11_pro_64gb_tjemno_zeljenyj_1.jpg/resize/260x260/,https://www.shop.mts.ru/product/smartfon-apple-iphone-11-pro-64gb-tjemno-zeljenyj,4.6,4,none
мвидео,смартфоны,apple,iphone 11 pro,midnight green,0,64,79990,https://img.mvideo.ru/pdb/small_pic/480/30045438b.jpg,https://www.mvideo.ru/products/smartfon-apple-iphone-11-pro-64gb-midnight-green-mwc62ru-a-30045438,4.6,22,30045438
мвидео,смартфоны,apple,iphone 11 pro,space grey,0,64,79990,https://img.mvideo.ru/pdb/small_pic/480/30045435b.jpg,https://www.mvideo.ru/products/smartfon-apple-iphone-11-pro-64gb-space-grey-mwc22ru-a-30045435,4.6,20,30045435
мвидео,смартфоны,apple,iphone 11 pro,gold,0,64,79990,https://img.mvideo.ru/pdb/small_pic/480/30045437b.jpg,https://www.mvideo.ru/products/smartfon-apple-iphone-11-pro-64gb-gold-mwc52ru-a-30045437,4.4,16,30045437

dns,смартфоны,samsung,galaxy note20 ultra,белый,8,256,76999,https://c.dns-shop.ru/thumb/st4/fit/200/200/03fbdbd83838fd1e6774a7efeee109a9/a05ad1ff1f69afcfc2b83579e8775712ae86aa15d428d0285637bd7a859bcbfd.jpg,https://www.dns-shop.ru/product/0650e776c5ac1b80/69-smartfon-samsung-galaxy-note-20-ultra-256-gb-belyj/,4.5,60,1685908
dns,смартфоны,samsung,galaxy note20 ultra,коричневый,8,256,76999,https://c.dns-shop.ru/thumb/st1/fit/200/200/67a97204195db28d79f7e56afc78fb4f/26652cdd159c6fd92a2722c4c3b86fc9d43389ec6e33ac266b54e205768fbb82.jpg,https://www.dns-shop.ru/product/dc406039c5ab1b80/69-smartfon-samsung-galaxy-note-20-ultra-256-gb-koricnevyj/,4.5,60,1685904
dns,смартфоны,samsung,galaxy note20 ultra,черный,8,256,76999,https://c.dns-shop.ru/thumb/st1/fit/200/200/12270479ffb4a02cc782b9aa5b3973a7/9ec39caba6b65bdedf8733d4f05bea9230fb4507d49f6c1b14d9056569420912.jpg,https://www.dns-shop.ru/product/30f1d58dc5ac1b80/69-smartfon-samsung-galaxy-note-20-ultra-256-gb-cernyj/,4.5,60,1685910
мтс,смартфоны,samsung,galaxy note 20 ultra,black,8,256,79990,https://mtscdn.ru/upload/iblock/3ab/20ultrablack2.png/resize/260x260/,https://www.shop.mts.ru/product/smartfon-samsung-n985-galaxy-note-20-ultra-8-256-gb-black,0,0,none
мтс,смартфоны,samsung,galaxy note 20 ultra,bronze,8,256,79990,https://mtscdn.ru/upload/iblock/a60/20ultrabronze2.png/resize/260x260/,https://www.shop.mts.ru/product/smartfon-samsung-n985-galaxy-note-20-ultra-8-256-gb-bronze,0,0,none
мтс,смартфоны,samsung,galaxy note 20 ultra,white,8,256,79990,https://mtscdn.ru/upload/iblock/4a3/20ultrawhite2.png/resize/260x260/,https://www.shop.mts.ru/product/smartfon-samsung-n985-galaxy-note-20-ultra-8-256-gb-white,0,0,none
мвидео,смартфоны,samsung,galaxy note20 ultra,bronze,8,256,96490,https://img.mvideo.ru/pdb/small_pic/480/30051371b.jpg,https://www.mvideo.ru/products/smartfon-samsung-galaxy-note-20-ultra-256gb-bronze-sm-n985f-ds-30051371,4.8,22,30051371
мвидео,смартфоны,samsung,galaxy note20 ultra,black,8,256,96490,https://img.mvideo.ru/pdb/small_pic/480/30051370b.jpg,https://www.mvideo.ru/products/smartfon-samsung-galaxy-note-20-ultra-256gb-black-sm-n985f-ds-30051370,4.9,14,30051370

