אדאחטם,אעודמנט,נוםה,מהוכ,גוע,RAM,ROM,וםא,סכךא םא טחמבנאזוםטו,סכךא,ויעטםד,מכ-גמ מעחגמג,מה ןנמהףךעא
לעס,סלאנעפמם,samsung,galaxy a21s,black,3,32,14990,https://mtscdn.ru/upload/iblock/134/smartfon_samsung_a217_galaxy_a21s_4_64gb_black.jpg/resize/208x208/,https://www.shop.mts.ru/product/smartfon-samsung-a217-galaxy-a21s-3-32gb-black,5.0,5,none
לעס,סלאנעפמם,xiaomi,mi 10t,cosmic black,8,128,44990,https://mtscdn.ru/upload/iblock/459/11.jpg/resize/208x208/,https://www.shop.mts.ru/product/smartfon-xiaomi-mi-10t-8-128gb-cosmic-black,0,0,none
לעס,סלאנעפמם,samsung,galaxy a51,black,6,128,22990,https://mtscdn.ru/upload/iblock/f9f/smartfon_samsung_a515_galaxy_a51_4_64gb_black.jpg/resize/208x208/,https://www.shop.mts.ru/product/smartfon-samsung-a515-galaxy-a51-6-128gb-black,3.9,3,none
לעס,סלאנעפמם,xiaomi,redmi note 9,midnight grey,4,128,18990,https://mtscdn.ru/upload/iblock/63b/smartfon_xiaomi_redmi_note_9_3_64gb_midnight_grey_1.jpg/resize/208x208/,https://www.shop.mts.ru/product/smartfon-xiaomi-redmi-note-9-4-128gb-midnight-grey,5.0,5,none
לעס,סלאנעפמם,huawei,p30 lite,black,6,256,21990,https://mtscdn.ru/upload/iblock/5ce/smartfon_huawei_p30_lite_6_256gb_black.jpg/resize/208x208/,https://www.shop.mts.ru/product/smartfon-huawei-p30-lite-6-256gb-black,4.9,4,none
לעס,סלאנעפמם,samsung,galaxy z flip,black,8,256,79990,https://mtscdn.ru/upload/iblock/a36/smartfon_samsung_f700_galaxy_z_flip_8_256gb_black_1.jpg/resize/208x208/,https://www.shop.mts.ru/product/smartfon-samsung-f700-galaxy-z-flip-8-256gb-black,5.0,5,none
לעס,סלאנעפמם,samsung,galaxy a31,black,4,128,18990,https://mtscdn.ru/upload/iblock/c65/smartfon_samsung_a315_galaxy_a31_4_128gb_black.jpg/resize/208x208/,https://www.shop.mts.ru/product/smartfon-samsung-a315-galaxy-a31-4-128gb-black,5.0,5,none
לעס,סלאנעפמם,huawei,p30 pro,breathing crystal,8,256,47990,https://mtscdn.ru/upload/iblock/905/smartfon_huawei_p30_pro_8_256gb_breathing_crystal.jpg/resize/208x208/,https://www.shop.mts.ru/product/smartfon-huawei-p30-pro-8-256gb-breathing-crystal,4.7,4,none
לעס,סלאנעפמם,samsung,galaxy s10 plus,מםטךס,8,128,59990,https://mtscdn.ru/upload/iblock/d46/smartfon_samsung_g975_galaxy_s10_plus_8_128gb_oniks.jpg/resize/208x208/,https://www.shop.mts.ru/product/smartfon-samsung-g975-galaxy-s10-plus-8-128gb-oniks,5.0,5,none
לעס,סלאנעפמם,samsung,galaxy s20,blue,8,128,59990,https://mtscdn.ru/upload/iblock/299/smartfon_samsung_g980_galaxy_s20_5g_8_128gb_blue.jpg/resize/208x208/,https://www.shop.mts.ru/product/smartfon-samsung-g980-galaxy-s20-5g-8-128gb-blue,5.0,5,none
לעס,סלאנעפמם,samsung,galaxy a71,silver,6,128,29990,https://mtscdn.ru/upload/iblock/6c9/smartfon_samsung_a715_galaxy_a71_6_128gb_silver_1.jpg/resize/208x208/,https://www.shop.mts.ru/product/smartfon-samsung-a715-galaxy-a71-6-128gb-silver,4.7,4,none
לעס,סלאנעפמם,huawei,y5,black,2,32,7990,https://mtscdn.ru/upload/iblock/c21/huawei_y5_black.jpg/resize/208x208/,https://www.shop.mts.ru/product/smartfon-huawei-y5-2019-2-16gb-black,5.0,5,none
לעס,סלאנעפמם,honor,9x,black,4,128,13990,https://mtscdn.ru/upload/iblock/32c/smartfon_honor_9x_4_128gb_black.jpg/resize/208x208/,https://www.shop.mts.ru/product/smartfon-honor-9x-4-128gb-black,4.9,4,none
לעס,סלאנעפמם,honor,30i,black,4,128,17990,https://mtscdn.ru/upload/iblock/ff4/smartfon_honor_30i_4_128gb_black_1.jpg/resize/208x208/,https://www.shop.mts.ru/product/smartfon-honor-30i-4-128gb-black,5.0,5,none
לעס,סלאנעפמם,xiaomi,redmi note 8 pro,blue,6,64,18990,https://mtscdn.ru/upload/iblock/14e/smartfon_xiaomi_redmi_note_8_pro_6_128gb_blue.jpg/resize/208x208/,https://www.shop.mts.ru/product/smartfon-xiaomi-redmi-note-8-pro-6-64gb-blue,4.3,4,none
לעס,סלאנעפמם,vivo,y91c,fusion black,2,32,7990,https://mtscdn.ru/upload/iblock/1cf/smartfon_vivo_y91c_2_32gb_black.jpg/resize/208x208/,https://www.shop.mts.ru/product/smartfon-vivo-y91c-2-32gb-black,4.8,4,none
לעס,סלאנעפמם,honor,30i,green/blue,4,128,17990,https://mtscdn.ru/upload/iblock/95d/smartfon_honor_30i_4_128gb_green_blue_1.jpg/resize/208x208/,https://www.shop.mts.ru/product/smartfon-honor-30i-4-128gb-green-blue,5.0,5,none
לעס,סלאנעפמם,honor,9c,blue,4,64,12990,https://mtscdn.ru/upload/iblock/026/0101_7109_min.png/resize/208x208/,https://www.shop.mts.ru/product/smartfon-honor-9c-4-64gb-blue,4.9,4,none
לעס,סלאנעפמם,xiaomi,redmi note 9 pro,interstellar grey,6,128,23990,https://mtscdn.ru/upload/iblock/92e/smartfon_xiaomi_redmi_note_9_pro_6_128gb_interstellar_grey_1.jpg/resize/208x208/,https://www.shop.mts.ru/product/smartfon-xiaomi-redmi-note-9-pro-6-128gb-interstellar-grey,4.7,4,none
לעס,סלאנעפמם,xiaomi,redmi note 8 pro,grey,6,128,20990,https://mtscdn.ru/upload/iblock/ee0/smartfon_xiaomi_redmi_note_8_pro_6_64gb_black_1.jpg/resize/208x208/,https://www.shop.mts.ru/product/smartfon-xiaomi-redmi-note-8-pro-6-128gb-black,4.4,4,none
לעס,סלאנעפמם,samsung,galaxy a71,black,6,128,29990,https://mtscdn.ru/upload/iblock/685/smartfon_samsung_a715_galaxy_a71_6_128gb_black.jpg/resize/208x208/,https://www.shop.mts.ru/product/smartfon-samsung-a715-galaxy-a71-6-128gb-black,4.7,4,none
לעס,סלאנעפמם,samsung,galaxy a51,black,4,64,19990,https://mtscdn.ru/upload/iblock/dad/smartfon_samsung_a515_galaxy_a51_4_64gb_black.jpg/resize/208x208/,https://www.shop.mts.ru/product/smartfon-samsung-a515-galaxy-a51-4-64gb-black,4.1,4,none
לעס,סלאנעפמם,samsung,galaxy s10,מםטךס,8,128,49990,https://mtscdn.ru/upload/iblock/a55/smartfon_samsung_galaxy_s10_g973_8_128gb_oniks.jpg/resize/208x208/,https://www.shop.mts.ru/product/smartfon-samsung-galaxy-s10-g973-8-128gb-oniks,4.8,4,none
לעס,סלאנעפמם,xiaomi,mi 10t,lunar silver,8,128,44990,https://mtscdn.ru/upload/iblock/ef8/11.jpg/resize/208x208/,https://www.shop.mts.ru/product/smartfon-xiaomi-mi-10t-8-128gb-lunar-silver,0,0,none
לעס,סלאנעפמם,xiaomi,mi 10t pro,aurora blue,8,256,49990,https://mtscdn.ru/upload/iblock/a26/11.jpg/resize/208x208/,https://www.shop.mts.ru/product/smartfon-xiaomi-mi-10t-pro-8-256gb-aurora-blue,0,0,none
לעס,סלאנעפמם,xiaomi,mi 10t pro,cosmic black,8,256,49990,https://mtscdn.ru/upload/iblock/188/smartfon_xiaomi_mi_10t_pro_8_256gb_cosmic_black_1.jpg/resize/208x208/,https://www.shop.mts.ru/product/smartfon-xiaomi-mi-10t-pro-8-256gb-cosmic-black,0,0,none
לעס,סלאנעפמם,xiaomi,mi 10t pro,lunar silver,8,256,49990,https://mtscdn.ru/upload/iblock/203/smartfon_xiaomi_mi_10t_pro_8_256gb_lunar_silver_1.jpg/resize/208x208/,https://www.shop.mts.ru/product/smartfon-xiaomi-mi-10t-pro-8-256gb-lunar-silver,0,0,none
לעס,סלאנעפמם,samsung,galaxy a21s,blue,3,32,14990,https://mtscdn.ru/upload/iblock/8d0/smartfon_samsung_a217_galaxy_a21s_3_32gb_blue.jpg/resize/208x208/,https://www.shop.mts.ru/product/smartfon-samsung-a217-galaxy-a21s-3-32gb-blue,5.0,5,none
לעס,סלאנעפמם,samsung,galaxy a21s,red,3,32,14990,https://mtscdn.ru/upload/iblock/325/smartfon_samsung_a217_galaxy_a21s_4_64gb_red.jpg/resize/208x208/,https://www.shop.mts.ru/product/smartfon-samsung-a217-galaxy-a21s-3-32gb-red,5.0,5,none
לעס,סלאנעפמם,samsung,galaxy a21s,blue,4,64,15990,https://mtscdn.ru/upload/iblock/22c/smartfon_samsung_a217_galaxy_a21s_3_32gb_blue.jpg/resize/208x208/,https://www.shop.mts.ru/product/smartfon-samsung-a217-galaxy-a21s-4-64gb-blue,5.0,5,none
לעס,סלאנעפמם,samsung,galaxy a21s,red,4,64,15990,/images/placeholder-bg.svg,https://www.shop.mts.ru/product/smartfon-samsung-a217-galaxy-a21s-4-64gb-red,5.0,5,none
לעס,סלאנעפמם,samsung,galaxy a21s,blue,4,64,15990,/images/placeholder-bg.svg,https://www.shop.mts.ru/product/smartfon-samsung-a217-galaxy-a21s-4-64gb-blue,5.0,5,none
לעס,סלאנעפמם,samsung,galaxy a11,black,2,32,9990,/images/placeholder-bg.svg,https://www.shop.mts.ru/product/smartfon-samsung-a115-galaxy-a11-2-32-gb-black,0,0,none
לעס,סלאנעפמם,samsung,galaxy a21s,red,3,32,14990,/images/placeholder-bg.svg,https://www.shop.mts.ru/product/smartfon-samsung-a217-galaxy-a21s-3-32gb-red,5.0,5,none
לעס,סלאנעפמם,vivo,y30,blue,4,64,13990,/images/placeholder-bg.svg,https://www.shop.mts.ru/product/smartfon-vivo-y30-4-64-gb-blue,5.0,5,none
לעס,סלאנעפמם,nokia,5.3,turquoise,4,64,13490,/images/placeholder-bg.svg,https://www.shop.mts.ru/product/smartfon-nokia-5-3-4-64gb-turquoise,0,0,none
לעס,סלאנעפמם,xiaomi,redmi 9,purple,4,64,13990,/images/placeholder-bg.svg,https://www.shop.mts.ru/product/smartfon-xiaomi-redmi-9-4-64gb-purple,4.4,4,none
לעס,סלאנעפמם,nokia,5.3,black,4,64,13490,/images/placeholder-bg.svg,https://www.shop.mts.ru/product/smartfon-nokia-5-3-4-64gb-black,0,0,none
לעס,סלאנעפמם,nokia,1.3,green,1,16,4990,/images/placeholder-bg.svg,https://www.shop.mts.ru/product/smartfon-nokia-1-3-1-16-gb-green,5.0,5,none
לעס,סלאנעפמם,nokia,1.3,black,1,16,4990,/images/placeholder-bg.svg,https://www.shop.mts.ru/product/smartfon-nokia-1-3-1-16-gb-black,5.0,5,none
לעס,סלאנעפמם,samsung,galaxy a21s,blue,3,32,14990,/images/placeholder-bg.svg,https://www.shop.mts.ru/product/smartfon-samsung-a217-galaxy-a21s-3-32gb-blue,5.0,5,none
לעס,סלאנעפמם,xiaomi,redmi 9,grey,4,64,13990,/images/placeholder-bg.svg,https://www.shop.mts.ru/product/smartfon-xiaomi-redmi-9-4-64gb-grey,4.2,4,none
לעס,סלאנעפמם,huawei,p40 lite e,midnight black,4,64,11990,/images/placeholder-bg.svg,https://www.shop.mts.ru/product/smartfon-huawei-p40-lite-e-nfc-4-64-gb-midnight-black,5.0,5,none
לעס,סלאנעפמם,xiaomi,redmi 9,green,4,64,13990,/images/placeholder-bg.svg,https://www.shop.mts.ru/product/smartfon-xiaomi-redmi-9-4-64gb-green,4.2,4,none
לעס,סלאנעפמם,xiaomi,redmi note 9,forest green,4,128,18990,/images/placeholder-bg.svg,https://www.shop.mts.ru/product/smartfon-xiaomi-redmi-note-9-4-128gb-forest-green,4.5,4,none
לעס,סלאנעפמם,huawei,y5p,midnight black,2,32,6990,/images/placeholder-bg.svg,https://www.shop.mts.ru/product/smartfon-huawei-y5p-2-32gb-midnight-black,4.9,4,none
לעס,סלאנעפמם,xiaomi,redmi note 9,polar white,4,128,18990,/images/placeholder-bg.svg,https://www.shop.mts.ru/product/smartfon-xiaomi-redmi-note-9-4-128gb-polar-white,4.9,4,none
לעס,סלאנעפמם,huawei,y5p,mint green,2,32,6990,/images/placeholder-bg.svg,https://www.shop.mts.ru/product/smartfon-huawei-y5p-2-32gb-mint-green,4.9,4,none
לעס,סלאנעפמם,honor,9a,phantom blue,3,64,10990,/images/placeholder-bg.svg,https://www.shop.mts.ru/product/smartfon-honor-9a-3-64gb-phantom-blue,4.8,4,none
לעס,סלאנעפמם,honor,9a,ice green,3,64,10990,/images/placeholder-bg.svg,https://www.shop.mts.ru/product/smartfon-honor-9a-3-64gb-ice-green,4.8,4,none
לעס,סלאנעפמם,honor,9s,black,2,32,6990,/images/placeholder-bg.svg,https://www.shop.mts.ru/product/smartfon-honor-9s-2-32gb-black,4.9,4,none
לעס,סלאנעפמם,realme,c3,grey,3,64,9990,/images/placeholder-bg.svg,https://www.shop.mts.ru/product/smartfon-realme-c3-3-64gb-grey,5.0,5,none
לעס,סלאנעפמם,realme,6i,white,4,128,13990,/images/placeholder-bg.svg,https://www.shop.mts.ru/product/smartfon-realme-6i-4-128gb-white,5.0,5,none
לעס,סלאנעפמם,realme,6,comet blue,8,128,18990,/images/placeholder-bg.svg,https://www.shop.mts.ru/product/smartfon-realme-6-8-128gb-comet-blue,5.0,5,none
לעס,סלאנעפמם,realme,6,comet white,8,128,18990,/images/placeholder-bg.svg,https://www.shop.mts.ru/product/smartfon-realme-6-8-128gb-comet-white,5.0,5,none
לעס,סלאנעפמם,realme,6 pro,blue,8,128,21990,/images/placeholder-bg.svg,https://www.shop.mts.ru/product/smartfon-realme-6-pro-8-128gb-blue,4.8,4,none
לעס,סלאנעפמם,realme,6 pro,red,8,128,21990,/images/placeholder-bg.svg,https://www.shop.mts.ru/product/smartfon-realme-6-pro-8-128gb-red,4.8,4,none
לעס,סלאנעפמם,realme,6,comet blue,4,128,16990,/images/placeholder-bg.svg,https://www.shop.mts.ru/product/smartfon-realme-6-4-128gb-comet-blue,5.0,5,none
לעס,סלאנעפמם,huawei,y5p,phantom blue,2,32,6990,/images/placeholder-bg.svg,https://www.shop.mts.ru/product/smartfon-huawei-y5p-2-32gb-phantom-blue,4.9,4,none
לעס,סלאנעפמם,honor,30,emerald green,8,128,31990,/images/placeholder-bg.svg,https://www.shop.mts.ru/product/smartfon-honor-30-8-128gb-emerald-green,4.8,4,none
לעס,סלאנעפמם,honor,30 premium,midnight black,8,256,35990,https://mtscdn.ru/upload/iblock/532/smartfon_honor_30_8_128gb_midnight_black_1.jpg/resize/208x208/,https://www.shop.mts.ru/product/smartfon-honor-30-premium-8-256gb-midnight-black,5.0,5,none
לעס,סלאנעפמם,xiaomi,redmi note 9 pro,glacier white,6,128,23990,https://mtscdn.ru/upload/iblock/8a6/smartfon_xiaomi_redmi_note_9_pro_6_128gb_glacier_white_1.jpg/resize/208x208/,https://www.shop.mts.ru/product/smartfon-xiaomi-redmi-note-9-pro-6-128gb-glacier-white,4.7,4,none
לעס,סלאנעפמם,xiaomi,redmi note 9,forest green,3,64,16990,https://mtscdn.ru/upload/iblock/49f/smartfon_xiaomi_redmi_note_9_3_64gb_forest_green_1.jpg/resize/208x208/,https://www.shop.mts.ru/product/smartfon-xiaomi-redmi-note-9-3-64gb-forest-green,4.4,4,none
לעס,סלאנעפמם,xiaomi,redmi note 9 pro,tropical green,6,128,23990,https://mtscdn.ru/upload/iblock/c90/smartfon_xiaomi_redmi_note_9_pro_6_128gb_tropical_green_1.jpg/resize/208x208/,https://www.shop.mts.ru/product/smartfon-xiaomi-redmi-note-9-pro-6-128gb-tropical-green,4.7,4,none
לעס,סלאנעפמם,honor,30 premium,titanium silver,8,256,35990,https://mtscdn.ru/upload/iblock/186/smartfon_honor_30_premium_8_256gb_titanium_silver_1.jpg/resize/208x208/,https://www.shop.mts.ru/product/smartfon-honor-30-premium-8-256gb-titanium-silver,5.0,5,none
לעס,סלאנעפמם,honor,30 pro+,midnight black,8,256,54990,https://mtscdn.ru/upload/iblock/d5e/smartfon_honor_30_pro_8_256gb_midnight_black_1.jpg/resize/208x208/,https://www.shop.mts.ru/product/smartfon-honor-30-pro-plus-8-256gb-midnight-black,4.6,4,none
לעס,סלאנעפמם,honor,30 pro+,titanium silver,8,256,54990,https://mtscdn.ru/upload/iblock/22f/smartfon_honor_30_pro_plus_8_256gb_titanium_silver_1.jpg/resize/208x208/,https://www.shop.mts.ru/product/smartfon-honor-30-pro-plus-8-256gb-titanium-silver,5.0,5,none
לעס,סלאנעפמם,huawei,y8p,midnight black,4,128,13990,https://mtscdn.ru/upload/iblock/979/smartfon_huawei_y8p_4_128gb_midnight_black.jpg/resize/208x208/,https://www.shop.mts.ru/product/smartfon-huawei-y8p-4-128gb-midnight-black,5.0,5,none
לעס,סלאנעפמם,huawei,y8p,light blue,4,128,13990,https://mtscdn.ru/upload/iblock/1db/smartfon_huawei_y8p_4_128gb_light_blue.jpg/resize/208x208/,https://www.shop.mts.ru/product/smartfon-huawei-y8p-4-128gb-light-blue,5.0,5,none
לעס,סלאנעפמם,huawei,y6p midnight,black,3,64,9990,https://mtscdn.ru/upload/iblock/f63/smartfon_huawei_y6p_3_64gb_midnight_black.jpg/resize/208x208/,https://www.shop.mts.ru/product/smartfon-huawei-y6p-3-64gb-midnight-black,5.0,5,none
לעס,סלאנעפמם,huawei,y6p emerald,green,3,64,9990,https://mtscdn.ru/upload/iblock/036/smartfon_huawei_y6p_3_64gb_emerald_green.jpg/resize/208x208/,https://www.shop.mts.ru/product/smartfon-huawei-y6p-3-64gb-emerald-green,5.0,5,none
לעס,סלאנעפמם,honor,30s,black,6,128,27990,https://mtscdn.ru/upload/iblock/337/30sblack1.jpg/resize/208x208/,https://www.shop.mts.ru/product/smartfon-honor-30s-8-128gb-black,4.8,4,none
לעס,סלאנעפמם,honor,30s,purple,6,128,27990,https://mtscdn.ru/upload/iblock/b12/30spurple1.jpg/resize/208x208/,https://www.shop.mts.ru/product/smartfon-honor-30s-8-128gb-purple,4.8,4,none
לעס,סלאנעפמם,honor,30s,silver,6,128,27990,https://mtscdn.ru/upload/iblock/b34/30ssilver1.jpg/resize/208x208/,https://www.shop.mts.ru/product/smartfon-honor-30s-8-128gb-silver,4.8,4,none
לעס,סלאנעפמם,honor,30,midnight black,8,128,31990,https://mtscdn.ru/upload/iblock/0b9/smartfon_honor_30_8_128gb_midnight_black_1.jpg/resize/208x208/,https://www.shop.mts.ru/product/smartfon-honor-30-8-128gb-midnight-black,4.8,4,none
לעס,סלאנעפמם,xiaomi,redmi note 9,midnight grey,3,64,16990,https://mtscdn.ru/upload/iblock/780/smartfon_xiaomi_redmi_note_9_3_64gb_midnight_grey_1.jpg/resize/208x208/,https://www.shop.mts.ru/product/smartfon-xiaomi-redmi-note-9-3-64gb-midnight-grey,4.4,4,none
לעס,סלאנעפמם,samsung,galaxy a11,red,2,32,9990,https://mtscdn.ru/upload/iblock/251/snimok-a11-krasnyy.png/resize/208x208/,https://www.shop.mts.ru/product/smartfon-samsung-a115-galaxy-a11-2-32-gb-red,0,0,none
לעס,סלאנעפמם,samsung,galaxy a01 core,red,1,16,5990,https://mtscdn.ru/upload/iblock/4f7/smartfon_samsung_a013_galaxy_a01_core_1_16gb_red_1.jpg/resize/208x208/,https://www.shop.mts.ru/product/smartfon-samsung-a013-galaxy-a01-core-1-16gb-red,5.0,5,none
לעס,סלאנעפמם,samsung,galaxy a11,white,2,32,9990,https://mtscdn.ru/upload/iblock/833/a11_w_2500x1800.jpg/resize/208x208/,https://www.shop.mts.ru/product/smartfon-samsung-a115-galaxy-a11-2-32-gb-white,0,0,none
לעס,סלאנעפמם,vivo,y20,nebula blue,4,64,13990,https://mtscdn.ru/upload/iblock/727/y20_2sides_nebula_blue_.png/resize/208x208/,https://www.shop.mts.ru/product/smartfon-vivo-y20-4-64-gb-nebula-blue,5.0,5,none
לעס,סלאנעפמם,samsung,galaxy s20 fe,סטםטי,6,128,49990,https://mtscdn.ru/upload/iblock/519/sm_g780_g781_s20fe_back_zb_1.jpg/resize/208x208/,https://www.shop.mts.ru/product/smartfon-samsung-g780-galaxy-s20-fe-6-128gb-blue,5.0,5,none
לעס,סלאנעפמם,samsung,galaxy s20 fe,בוכי,6,128,49990,https://mtscdn.ru/upload/iblock/966/sm_g780_g781_s20fe_back_zw_1.jpg/resize/208x208/,https://www.shop.mts.ru/product/smartfon-samsung-g780-galaxy-s20-fe-6-128gb-white,5.0,5,none
לעס,סלאנעפמם,samsung,galaxy s20 fe,כאגאםהא,6,128,49990,https://mtscdn.ru/upload/iblock/e45/sm_g780_g781_s20fe_back_lv_1.jpg/resize/208x208/,https://www.shop.mts.ru/product/smartfon-samsung-g780-galaxy-s20-fe-6-128gb-lavender,5.0,5,none
לעס,סלאנעפמם,samsung,galaxy s20 fe,לעא,6,128,49990,https://mtscdn.ru/upload/iblock/a59/sm_g780_g781_s20fe_back_zg_1.jpg/resize/208x208/,https://www.shop.mts.ru/product/smartfon-samsung-g780-galaxy-s20-fe-6-128gb-mint,5.0,5,none
לעס,סלאנעפמם,samsung,galaxy s20 fe,ךנאסםי,6,128,49990,https://mtscdn.ru/upload/iblock/e98/sm_g780_g781_s20fe_back_zr_1.jpg/resize/208x208/,https://www.shop.mts.ru/product/smartfon-samsung-g780-galaxy-s20-fe-6-128gb-red,5.0,5,none
לעס,סלאנעפמם,samsung,galaxy s20 fe,מנאםזוגי,6,128,49990,https://mtscdn.ru/upload/iblock/1fb/sm_g780_g781_s20fe_back_zo_1.jpg/resize/208x208/,https://www.shop.mts.ru/product/smartfon-samsung-g780-galaxy-s20-fe-6-128gb-orange,5.0,5,none
לעס,סלאנעפמם,realme,c3,red,3,32,8990,https://mtscdn.ru/upload/iblock/3ac/red11.jpg/resize/208x208/,https://www.shop.mts.ru/product/smartfon-realme-c3-3-32gb-nfc-red,5.0,5,none
לעס,סלאנעפמם,realme,c3,blue,3,32,8990,https://mtscdn.ru/upload/iblock/6a3/11.jpg/resize/208x208/,https://www.shop.mts.ru/product/smartfon-realme-c3-3-32gb-nfc-blue,5.0,5,none
לעס,סלאנעפמם,realme,6s,lunar white,6,128,16990,https://mtscdn.ru/upload/iblock/335/smartfon_realme_6s_6_128gb_lunar_white_1.jpg/resize/208x208/,https://www.shop.mts.ru/product/smartfon-realme-6s-6-128gb-lunar-white,4.9,4,none
לעס,סלאנעפמם,vivo,y1s,olive black,2,32,7990,https://mtscdn.ru/upload/iblock/0f9/11.jpg/resize/208x208/,https://www.shop.mts.ru/product/smartfon-vivo-y1s-2-32gb-olive-black,0,0,none
לעס,סלאנעפמם,vivo,y1s,ripple blue,2,32,7990,https://mtscdn.ru/upload/iblock/846/11.jpg/resize/208x208/,https://www.shop.mts.ru/product/smartfon-vivo-y1s-2-32gb-ripple-blue,0,0,none
לעס,סלאנעפמם,vivo,y20,obsidian black,4,64,13990,https://mtscdn.ru/upload/iblock/91d/y20_2sides_obsidian_black_.png/resize/208x208/,https://www.shop.mts.ru/product/smartfon-vivo-y20-4-64-gb-obsidian-black,5.0,5,none
לעס,סלאנעפמם,vivo,v20,midnight jazz,8,128,29990,https://mtscdn.ru/upload/iblock/6d0/v20_android11_2sides_midnight_jazz_.jpg/resize/208x208/,https://www.shop.mts.ru/product/smartfon-vivo-v20-8-128gb-midnight-jazz,4.9,4,none
לעס,סלאנעפמם,honor,20e,blue,4,64,11990,https://mtscdn.ru/upload/iblock/66a/smartfon_honor_20e_4_64gb_blue_1.jpg/resize/208x208/,https://www.shop.mts.ru/product/smartfon-honor-20e-4-64gb-blue,0,0,none
לעס,סלאנעפמם,vivo,v20,sunset melody,8,128,29990,https://mtscdn.ru/upload/iblock/89e/v20_android11_2sides_sunset_melody_.jpg/resize/208x208/,https://www.shop.mts.ru/product/smartfon-vivo-v20-8-128gb-sunset-melody,4.9,4,none
לעס,סלאנעפמם,vivo,v20 se,gravity black,8,128,21990,https://mtscdn.ru/upload/iblock/d45/v20se_2sides_graviry_black_.jpg/resize/208x208/,https://www.shop.mts.ru/product/smartfon-vivo-v20-se-8-128gb-gravity-black,4.9,4,none
לעס,סלאנעפמם,vivo,v20 se,oxygen blue,8,128,21990,https://mtscdn.ru/upload/iblock/59e/v20se_2sides_oxygen_blue_.jpg/resize/208x208/,https://www.shop.mts.ru/product/smartfon-vivo-v20-se-8-128gb-oxygen-blue,4.9,4,none
לעס,סלאנעפמם,apple,iphone se,white,0,128,41890,https://mtscdn.ru/upload/iblock/52c/bez-nazvaniya.png/resize/208x208/,https://www.shop.mts.ru/product/smartfon-apple-iphone-se-2020-new-128gb-white,0,0,none
לעס,סלאנעפמם,apple,iphone se,red,0,128,41890,https://mtscdn.ru/upload/iblock/1c8/bez-nazvaniya.png/resize/208x208/,https://www.shop.mts.ru/product/smartfon-apple-iphone-se-2020-new-128gb-red,0,0,none
לעס,סלאנעפמם,honor,10x lite,midnight black,4,128,16990,https://mtscdn.ru/upload/iblock/e32/0101_7358_min.png/resize/208x208/,https://www.shop.mts.ru/product/smartfon-honor-10x-lite-4-128gb-midnight-black,4.0,4,none
לעס,סלאנעפמם,honor,10x lite,emerald green,4,128,16990,https://mtscdn.ru/upload/iblock/79c/0101_7359_min.png/resize/208x208/,https://www.shop.mts.ru/product/smartfon-honor-10x-lite-4-128gb-emerald-green,4.0,4,none
לעס,סלאנעפמם,honor,10x lite,icelandic frost,4,128,16990,https://mtscdn.ru/upload/iblock/377/0101_7360_min.png/resize/208x208/,https://www.shop.mts.ru/product/smartfon-honor-10x-lite-4-128gb-icelandic-frost,4.0,4,none
לעס,סלאנעפמם,oppo,a53,blue,4,128,14990,https://mtscdn.ru/upload/iblock/dfb/a53_blue_pp.jpg/resize/208x208/,https://www.shop.mts.ru/product/smartfon-oppo-a53-4-128gb-blue,5.0,5,none
לעס,סלאנעפמם,oppo,a53,mint,4,128,14990,https://mtscdn.ru/upload/iblock/2b2/a53_green_pp.jpg/resize/208x208/,https://www.shop.mts.ru/product/smartfon-oppo-a53-4-128gb-mint,5.0,5,none
לעס,סלאנעפמם,oppo,a53,black,4,64,12990,https://mtscdn.ru/upload/iblock/e09/a53_black_pp.jpg/resize/208x208/,https://www.shop.mts.ru/product/smartfon-oppo-a53-4-64gb-black,5.0,5,none
לעס,סלאנעפמם,oppo,a53,mint,4,64,12990,https://mtscdn.ru/upload/iblock/14d/a53_green_pp.jpg/resize/208x208/,https://www.shop.mts.ru/product/smartfon-oppo-a53-4-64gb-mint,5.0,5,none
לעס,סלאנעפמם,oppo,reno4 lite,black,8,128,24990,https://mtscdn.ru/upload/iblock/a4f/reno4_lite_black_pp_3_2.jpg/resize/208x208/,https://www.shop.mts.ru/product/smartfon-oppo-reno4-lite-8-128gb-black,5.0,5,none
לעס,סלאנעפמם,honor,20e,black,4,64,11990,https://mtscdn.ru/upload/iblock/9bf/smartfon_honor_20e_4_64gb_black_1.jpg/resize/208x208/,https://www.shop.mts.ru/product/smartfon-honor-20e-4-64gb-black,0,0,none
לעס,סלאנעפמם,honor,9x lite,green,4,128,14990,https://mtscdn.ru/upload/iblock/b66/11.jpg/resize/208x208/,https://www.shop.mts.ru/product/smartfon-honor-9x-lite-4-128gb-green,0,0,none
לעס,סלאנעפמם,xiaomi,redmi 9,purple,3,32,11990,https://mtscdn.ru/upload/iblock/aa4/smartfon_xiaomi_redmi_9_3_32gb_purple.jpg/resize/208x208/,https://www.shop.mts.ru/product/smartfon-xiaomi-redmi-9-3-32gb-purple,5.0,5,none
לעס,סלאנעפמם,samsung,galaxy note 20 ultra,bronze,8,256,89990,https://mtscdn.ru/upload/iblock/a60/20ultrabronze2.png/resize/208x208/,https://www.shop.mts.ru/product/smartfon-samsung-n985-galaxy-note-20-ultra-8-256-gb-bronze,0,0,none
לעס,סלאנעפמם,xiaomi,redmi 9,green,3,32,11990,https://mtscdn.ru/upload/iblock/2dc/smartfon_xiaomi_redmi_9_3_32gb_green.jpg/resize/208x208/,https://www.shop.mts.ru/product/smartfon-xiaomi-redmi-9-3-32gb-green,5.0,5,none
לעס,סלאנעפמם,xiaomi,redmi 9,grey,3,32,11990,https://mtscdn.ru/upload/iblock/cd5/smartfon_xiaomi_3_32gb_grey.jpg/resize/208x208/,https://www.shop.mts.ru/product/smartfon-xiaomi-redmi-9-3-32gb-grey,4.2,4,none
לעס,סלאנעפמם,motorola,edge plus,thunder grey,12,256,81990,https://mtscdn.ru/upload/iblock/b6a/motorola-edge_-thunder-grey-hero.png/resize/208x208/,https://www.shop.mts.ru/product/smartfon-motorola-edge-plus-5g-12-256-gb-thunder-grey,4.5,4,none
לעס,סלאנעפמם,samsung,galaxy a01 core,black,1,16,5990,https://mtscdn.ru/upload/iblock/115/smartfon_samsung_a013_galaxy_a01_core_black_1.jpg/resize/208x208/,https://www.shop.mts.ru/product/smartfon-samsung-a013-galaxy-a01-core-black,5.0,5,none
לעס,סלאנעפמם,samsung,galaxy a01 core,blue,1,16,5990,https://mtscdn.ru/upload/iblock/4b1/smartfon_samsung_a013_galaxy_a01_core_1_16gb_blue_1.jpg/resize/208x208/,https://www.shop.mts.ru/product/smartfon-samsung-a013-galaxy-a01-core-1-16gb-blue,5.0,5,none
לעס,סלאנעפמם,xiaomi,redmi 9a,granite gray,2,32,7990,https://mtscdn.ru/upload/iblock/00e/smartfon_xiaomi_redmi_9a_2_32gb_granite_gray.jpg/resize/208x208/,https://www.shop.mts.ru/product/smartfon-xiaomi-redmi-9a-2-32gb-granite-gray,5.0,5,none
לעס,סלאנעפמם,xiaomi,redmi 9a,sky blue,2,32,7990,https://mtscdn.ru/upload/iblock/bc5/smartfon_xiaomi_redmi_9a_2_32gb_sky_blue.jpg/resize/208x208/,https://www.shop.mts.ru/product/smartfon-xiaomi-redmi-9a-2-32gb-sky-blue,5.0,5,none
לעס,סלאנעפמם,xiaomi,redmi 9a,peacock green,2,32,7990,https://mtscdn.ru/upload/iblock/e01/smartfon_xiaomi_redmi_9a_2_32gb_peacock_green.jpg/resize/208x208/,https://www.shop.mts.ru/product/smartfon-xiaomi-redmi-9a-2-32gb-peacock-green,5.0,5,none
לעס,סלאנעפמם,samsung,galaxy note 20,grey,8,256,69990,https://mtscdn.ru/upload/iblock/f8c/sm_n980_981_galaxynote20_front_mysticgray_200609.png/resize/208x208/,https://www.shop.mts.ru/product/smartfon-samsung-n980-galaxy-note-20-8-256-gb-grey,4.5,4,none
לעס,סלאנעפמם,samsung,galaxy note 20,mint,8,256,69990,https://mtscdn.ru/upload/iblock/70a/sm_n980_981_galaxynote20_front_mysticgreen_200620.png/resize/208x208/,https://www.shop.mts.ru/product/smartfon-samsung-n980-galaxy-note-20-8-256-gb-mint,4.5,4,none
לעס,סלאנעפמם,samsung,galaxy note 20,bronze,8,256,69990,https://mtscdn.ru/upload/iblock/306/sm_n980_981_galaxynote20_front_mysticbronze_200609.png/resize/208x208/,https://www.shop.mts.ru/product/smartfon-samsung-n980-galaxy-note-20-8-256-gb-bronze,4.5,4,none
לעס,סלאנעפמם,samsung,galaxy note 20 ultra,black,8,256,89990,https://mtscdn.ru/upload/iblock/3ab/20ultrablack2.png/resize/208x208/,https://www.shop.mts.ru/product/smartfon-samsung-n985-galaxy-note-20-ultra-8-256-gb-black,0,0,none
לעס,סלאנעפמם,samsung,galaxy note 20 ultra,white,8,256,89990,https://mtscdn.ru/upload/iblock/4a3/20ultrawhite2.png/resize/208x208/,https://www.shop.mts.ru/product/smartfon-samsung-n985-galaxy-note-20-ultra-8-256-gb-white,0,0,none
לעס,סלאנעפמם,honor,9x lite,black,4,128,14990,https://mtscdn.ru/upload/iblock/d0b/31.jpg/resize/208x208/,https://www.shop.mts.ru/product/smartfon-honor-9x-lite-4-128gb-black,0,0,none
לעס,סלאנעפמם,oppo,a52,black,4,64,14990,https://mtscdn.ru/upload/iblock/578/smartfon_oppo_a52_4_64gb_black_1.jpg/resize/208x208/,https://www.shop.mts.ru/product/smartfon-oppo-a52-4-64gb-black,5.0,5,none
לעס,סלאנעפמם,oppo,a52,white,4,64,14990,https://mtscdn.ru/upload/iblock/80e/smartfon_oppo_a52_4_64gb_white_1.jpg/resize/208x208/,https://www.shop.mts.ru/product/smartfon-oppo-a52-4-64gb-white,5.0,5,none
לעס,סלאנעפמם,honor,30i,silver/pink,4,128,17990,https://mtscdn.ru/upload/iblock/53d/smartfon_honor_30i_4_128gb_silver_pink_1.jpg/resize/208x208/,https://www.shop.mts.ru/product/smartfon-honor-30i-4-128gb-silver-pink,5.0,5,none
לעס,סלאנעפמם,honor,30 pro+,green,8,256,54990,https://mtscdn.ru/upload/iblock/23c/smartfon_honor_30_pro_8_256gb_green_1.jpg/resize/208x208/,https://www.shop.mts.ru/product/smartfon-honor-30-pro-8-256gb-green,0,0,none
לעס,סלאנעפמם,xiaomi,redmi 9c,twilight blue,2,32,8990,https://mtscdn.ru/upload/iblock/b87/smartfon_xiaomi_redmi_9c_3_64gb_twilight_blue_1.jpg/resize/208x208/,https://www.shop.mts.ru/product/smartfon-xiaomi-redmi-9c-2-32gb-twilight-blue,0,0,none
לעס,סלאנעפמם,xiaomi,redmi 9c,sunrise orange,2,32,8990,https://mtscdn.ru/upload/iblock/a15/smartfon_xiaomi_redmi_9c_2_32gb_sunrise_orange_1.jpg/resize/208x208/,https://www.shop.mts.ru/product/smartfon-xiaomi-redmi-9c-2-32gb-sunrise-orange,0,0,none
לעס,סלאנעפמם,xiaomi,redmi 9c midnight,gray,3,64,9990,https://mtscdn.ru/upload/iblock/97b/smartfon_xiaomi_redmi_9c_2_32gb_grey_1.jpg/resize/208x208/,https://www.shop.mts.ru/product/smartfon-xiaomi-redmi-9c-3-64gb-midnight-gray,0,0,none
לעס,סלאנעפמם,xiaomi,redmi 9c twilight,blue,3,64,9990,https://mtscdn.ru/upload/iblock/874/smartfon_xiaomi_redmi_9c_3_64gb_twilight_blue_1.jpg/resize/208x208/,https://www.shop.mts.ru/product/smartfon-xiaomi-redmi-9c-3-64gb-twilight-blue,0,0,none
לעס,סלאנעפמם,xiaomi,redmi 9c sunrise,orange,3,64,9990,https://mtscdn.ru/upload/iblock/9f5/smartfon_xiaomi_redmi_9c_2_32gb_sunrise_orange_1.jpg/resize/208x208/,https://www.shop.mts.ru/product/smartfon-xiaomi-redmi-9c-3-64gb-sunrise-orange,0,0,none
לעס,סלאנעפמם,xiaomi,redmi 9c,midnight gray,2,32,8990,https://mtscdn.ru/upload/iblock/750/smartfon_xiaomi_redmi_9c_2_32gb_grey_1.jpg/resize/208x208/,https://www.shop.mts.ru/product/smartfon-xiaomi-redmi-9c-2-32gb-midnight-gray,0,0,none
לעס,סלאנעפמם,xiaomi,redmi note 9,black,3,64,16990,https://mtscdn.ru/upload/iblock/2c7/smartfon_xiaomi_redmi_note_9_3_64gb_black_1.jpg/resize/208x208/,https://www.shop.mts.ru/product/smartfon-xiaomi-redmi-note-9-3-64gb-black,4.2,4,none
לעס,סלאנעפמם,xiaomi,redmi note 8 pro,orange,6,64,18990,https://mtscdn.ru/upload/iblock/df1/smartfon_xiaomi_redmi_note_8_pro_6_64gb_orange_1.jpg/resize/208x208/,https://www.shop.mts.ru/product/smartfon-xiaomi-redmi-note-8-pro-6-64gb-orange,4.5,4,none
לעס,סלאנעפמם,xiaomi,redmi note 8 pro,orange,6,128,20990,https://mtscdn.ru/upload/iblock/178/smartfon_xiaomi_redmi_note_8_pro_6_64gb_orange_1.jpg/resize/208x208/,https://www.shop.mts.ru/product/smartfon-xiaomi-redmi-note-8-pro-6-128gb-orange,4.4,4,none
לעס,סלאנעפמם,honor,9a,midnight black,3,64,10990,https://mtscdn.ru/upload/iblock/ef7/_m01.jpg/resize/208x208/,https://www.shop.mts.ru/product/smartfon-honor-9a-3-64gb-midnight-black,4.8,4,none
לעס,סלאנעפמם,apple,iphone 7,rose gold,0,32,24990,https://mtscdn.ru/upload/iblock/b47/smartfon_apple_iphone_7_32gb_rose_gold_mn912ru_a.jpg/resize/208x208/,https://www.shop.mts.ru/product/smartfon-apple-iphone-7-32gb-rose-gold-mn912ru-a,4.6,4,none
לעס,סלאנעפמם,honor,9c,black,4,64,12990,https://mtscdn.ru/upload/iblock/9e6/0101_7108_min.png/resize/208x208/,https://www.shop.mts.ru/product/smartfon-honor-9c-4-64gb-black,4.9,4,none
לעס,סלאנעפמם,oppo,reno 2z,luminous black,8,128,22390,https://mtscdn.ru/upload/iblock/54c/reno2z_pp_luminousblack_frontback_800x800.jpg/resize/208x208/,https://www.shop.mts.ru/product/smartfon-oppo-reno-2z-8-128gb-luminous-black,4.8,4,none
לעס,סלאנעפמם,oppo,a1k,black,2,32,7490,https://mtscdn.ru/upload/iblock/f90/smartfon_oppo_a1k_2_32_gb_black_1.jpg/resize/208x208/,https://www.shop.mts.ru/product/smartfon-oppo-a1k-2-32-gb-black,5.0,5,none
לעס,סלאנעפמם,oppo,a1k,red,2,32,7490,https://mtscdn.ru/upload/iblock/80a/smartfon_oppo_a1k_2_32_gb_red_1.jpg/resize/208x208/,https://www.shop.mts.ru/product/smartfon-oppo-a1k-2-32-gb-red,5.0,5,none
לעס,סלאנעפמם,oppo,reno,black,6,256,27990,https://mtscdn.ru/upload/iblock/823/smartfon_oppo_reno_6_256_gb_black_1.jpg/resize/208x208/,https://www.shop.mts.ru/product/smartfon-oppo-reno-6-256-gb-black,5.0,5,none
לעס,סלאנעפמם,vivo,y17,blue,4,64,11990,https://mtscdn.ru/upload/iblock/753/smartfon_vivo_y17_4_64_gb_blue_1.jpg/resize/208x208/,https://www.shop.mts.ru/product/smartfon-vivo-y17-4-64-gb-blue,4.9,4,none
לעס,סלאנעפמם,vivo,y17,purple,4,64,11990,https://mtscdn.ru/upload/iblock/f6d/smartfon_vivo_y17_4_64_gb_purple_1.jpg/resize/208x208/,https://www.shop.mts.ru/product/smartfon-vivo-y17-4-64-gb-purple,4.9,4,none
לעס,סלאנעפמם,vivo,v17 neo,diamond black,6,128,17990,https://mtscdn.ru/upload/iblock/fec/smartfon_vivo_v17_neo_6_128_gb_black_1.jpg/resize/208x208/,https://www.shop.mts.ru/product/smartfon-vivo-v17-neo-6-128-gb-diamond-black,4.9,4,none
לעס,סלאנעפמם,vivo,v17 neo,skyline blue,6,128,17990,https://mtscdn.ru/upload/iblock/3e5/smartfon_vivo_v17_neo_6_128_gb_skyline_blue_1.jpg/resize/208x208/,https://www.shop.mts.ru/product/smartfon-vivo-v17-neo-6-128-gb-skyline-blue,4.9,4,none
לעס,סלאנעפמם,vivo,y12,aqua blue,3,64,10990,https://mtscdn.ru/upload/iblock/ec6/smartfon_vivo_y12_3_64gb_blue_1.jpg/resize/208x208/,https://www.shop.mts.ru/product/smartfon-vivo-y12-3-64gb-aqua-blue,4.9,4,none
לעס,סלאנעפמם,vivo,y12,burgundy red,3,64,10990,https://mtscdn.ru/upload/iblock/a5b/smartfon_vivo_y12_3_64gb_burgundy_red_1.jpg/resize/208x208/,https://www.shop.mts.ru/product/smartfon-vivo-y12-3-64gb-burgundy-red,4.9,4,none
לעס,סלאנעפמם,palm,pvg100,titanium,3,32,17990,https://mtscdn.ru/upload/iblock/f88/smartfon_palm_pvg100_3_32gb_titanium_1.jpg/resize/208x208/,https://www.shop.mts.ru/product/smartfon-palm-pvg100-3-32gb-titanium,5.0,5,none
לעס,סלאנעפמם,oppo,a5,black,3,64,12990,https://mtscdn.ru/upload/iblock/892/a5_2020_black_pp_frontback_800x800.jpg/resize/208x208/,https://www.shop.mts.ru/product/smartfon-oppo-a5-2020-3-64gb-black,4.8,4,none
לעס,סלאנעפמם,oppo,a5,white,3,64,12990,https://mtscdn.ru/upload/iblock/b7e/a5_2020_white_pp_frontback_800x800.jpg/resize/208x208/,https://www.shop.mts.ru/product/smartfon-oppo-a5-2020-3-64gb-white,4.8,4,none
לעס,סלאנעפמם,oppo,reno 2,luminos black,8,256,30390,https://mtscdn.ru/upload/iblock/640/reno2_pp_luminousblack_frontback_800x800.jpg/resize/208x208/,https://www.shop.mts.ru/product/smartfon-oppo-reno-2-8-256gb-luminos-black,4.6,4,none
לעס,סלאנעפמם,samsung,galaxy s10,red,8,128,49990,https://mtscdn.ru/upload/iblock/51c/smartfon_samsung_g973_galaxy_s10_8_128gb_red.jpg/resize/208x208/,https://www.shop.mts.ru/product/smartfon-samsung-g973-galaxy-s10-8-128gb-red,4.8,4,none
לעס,סלאנעפמם,apple,iphone 8 plus,gold,0,128,42990,https://mtscdn.ru/upload/iblock/64e/smartfon_apple_iphone_8_plus_128gb_gold_zolotoj.jpg/resize/208x208/,https://www.shop.mts.ru/product/smartfon-apple-iphone-8-plus-128gb-gold-zolotoj,5.0,5,none
לעס,סלאנעפמם,honor,9x,blue,4,128,13990,https://mtscdn.ru/upload/iblock/f6b/smartfon_honor_9x_4_128gb_blue.jpg/resize/208x208/,https://www.shop.mts.ru/product/smartfon-honor-9x-4-128gb-blue,4.9,4,none
לעס,סלאנעפמם,honor,9x premium,black,6,128,17990,https://mtscdn.ru/upload/iblock/8fe/smartfon_honor_9x_premium_6_128gb_black.jpg/resize/208x208/,https://www.shop.mts.ru/product/smartfon-honor-9x-premium-6-128gb-black,4.9,4,none
לעס,סלאנעפמם,xiaomi,redmi note 8 pro,grey,6,64,18990,https://mtscdn.ru/upload/iblock/c31/smartfon_xiaomi_redmi_note_8_pro_6_64gb_black_1.jpg/resize/208x208/,https://www.shop.mts.ru/product/smartfon-xiaomi-redmi-note-8-pro-6-64gb-black,4.4,4,none
לעס,סלאנעפמם,xiaomi,redmi note 8 pro,green,6,64,18990,https://mtscdn.ru/upload/iblock/6c1/smartfon_xiaomi_redmi_note_8_pro_6_64gb_green_1.jpg/resize/208x208/,https://www.shop.mts.ru/product/smartfon-xiaomi-redmi-note-8-pro-6-64gb-green,4.6,4,none
לעס,סלאנעפמם,xiaomi,redmi note 8 pro,blue,6,128,20990,https://mtscdn.ru/upload/iblock/74d/smartfon_xiaomi_redmi_note_8_pro_6_128gb_blue.jpg/resize/208x208/,https://www.shop.mts.ru/product/smartfon-xiaomi-redmi-note-8-pro-6-128gb-blue,4.4,4,none
לעס,סלאנעפמם,xiaomi,redmi note 8 pro,green,6,128,20990,https://mtscdn.ru/upload/iblock/ca3/smartfon_xiaomi_redmi_note_8_pro_6_64gb_green_1.jpg/resize/208x208/,https://www.shop.mts.ru/product/smartfon-xiaomi-redmi-note-8-pro-6-128gb-green,4.5,4,none
לעס,סלאנעפמם,xiaomi,redmi note 8 pro,white,6,128,20990,https://mtscdn.ru/upload/iblock/744/smartfon_xiaomi_redmi_note_8_pro_6_64gb_white_1.jpg/resize/208x208/,https://www.shop.mts.ru/product/smartfon-xiaomi-redmi-note-8-pro-6-128gb-white,4.4,4,none
לעס,סלאנעפמם,apple,iphone 7,gold,0,32,24990,https://mtscdn.ru/upload/iblock/abd/smartfon_apple_iphone_7_plus_128gb_gold_mn4q2ru_a.jpg/resize/208x208/,https://www.shop.mts.ru/product/smartfon-apple-iphone-7-32gb-gold-mn902ru-a,4.7,4,none
לעס,סלאנעפמם,samsung,galaxy a20s,blue,3,32,11990,https://mtscdn.ru/upload/iblock/dc3/smartfon_samsung_a207_galaxy_a20s_3_32gb_blue_1.jpg/resize/208x208/,https://www.shop.mts.ru/product/smartfon-samsung-a207-galaxy-a20s-3-32gb-blue,5.0,5,none
לעס,סלאנעפמם,vivo,y11,blue,3,32,9990,https://mtscdn.ru/upload/iblock/928/smartfon_vivo_y11_3_32gb_blue_1.jpg/resize/208x208/,https://www.shop.mts.ru/product/smartfon-vivo-y11-3-32gb-blue,4.9,4,none
לעס,סלאנעפמם,vivo,y11,red,3,32,9990,https://mtscdn.ru/upload/iblock/f09/smartfon_vivo_y11_3_32gb_red_1.jpg/resize/208x208/,https://www.shop.mts.ru/product/smartfon-vivo-y11-3-32gb-red,4.9,4,none
לעס,סלאנעפמם,huawei,nova 5t,midsummer purple,6,128,24990,https://mtscdn.ru/upload/iblock/b64/smartfon_huawei_nova_5t_6_128gb_midsummer_purple.jpg/resize/208x208/,https://www.shop.mts.ru/product/smartfon-huawei-nova-5t-6-128gb-midsummer-purple,4.9,4,none
לעס,סלאנעפמם,samsung,galaxy s10 plus,red,8,128,59990,https://mtscdn.ru/upload/iblock/a17/sm_g975_galaxys10_front_cardinalred.png/resize/208x208/,https://www.shop.mts.ru/product/smartfon-samsung-galaxy-s10-plus-g975-8-128gb-red,5.0,5,none
לעס,סלאנעפמם,huawei,y5 lite,brown,1,16,5490,https://mtscdn.ru/upload/iblock/e8e/smartfon_huawei_y5_lite_1_16gb_brown.jpg/resize/208x208/,https://www.shop.mts.ru/product/smartfon-huawei-y5-lite-1-16gb-brown,2.0,2,none
לעס,סלאנעפמם,vivo,v17,fancy sky,8,128,16990,https://mtscdn.ru/upload/iblock/4fd/smartfon_vivo_v17_8_128gb_fancy_sky.jpg/resize/208x208/,https://www.shop.mts.ru/product/smartfon-vivo-v17-8-128gb-fancy-sky,4.9,4,none
לעס,סלאנעפמם,samsung,galaxy s10,ןונכאלףענ,8,128,49990,https://mtscdn.ru/upload/iblock/a83/s10white.jpg/resize/208x208/,https://www.shop.mts.ru/product/smartfon-samsung-g973-galaxy-s10-8-128gb-perlamutr,4.8,4,none
לעס,סלאנעפמם,apple,iphone 7,silver,0,32,24990,https://mtscdn.ru/upload/iblock/177/smartfon_apple_iphone_7_128gb_silver_mn932ru_a.jpg/resize/208x208/,https://www.shop.mts.ru/product/smartfon-apple-iphone-7-32gb-silver-mn8y2ru-a,4.6,4,none
לעס,סלאנעפמם,apple,iphone 7,black,0,32,24990,https://mtscdn.ru/upload/iblock/4fb/smartfon_apple_iphone_7_128gb_black_mn922ru_a.jpg/resize/208x208/,https://www.shop.mts.ru/product/smartfon-apple-iphone-7-32gb-black-mn8x2ru-a,4.6,4,none
לעס,סלאנעפמם,apple,iphone 7,rose gold,0,128,29990,https://mtscdn.ru/upload/iblock/6b8/smartfon_apple_iphone_7_32gb_rose_gold_mn912ru_a.jpg/resize/208x208/,https://www.shop.mts.ru/product/smartfon-apple-iphone-7-128gb-rose-gold-mn952ru-a,4.8,4,none
לעס,סלאנעפמם,apple,iphone 7,gold,0,128,29990,https://mtscdn.ru/upload/iblock/e67/smartfon_apple_iphone_7_plus_128gb_gold_mn4q2ru_a.jpg/resize/208x208/,https://www.shop.mts.ru/product/smartfon-apple-iphone-7-128gb-gold-mn942ru-a,4.9,4,none
לעס,סלאנעפמם,apple,iphone 7,black,0,128,29990,https://mtscdn.ru/upload/iblock/30d/smartfon_apple_iphone_7_128gb_black_mn922ru_a.jpg/resize/208x208/,https://www.shop.mts.ru/product/smartfon-apple-iphone-7-128gb-black-mn922ru-a,4.6,4,none
לעס,סלאנעפמם,לעס,smart,pro black,0,0,2990,https://mtscdn.ru/upload/iblock/61d/61df207c473b46363afb7460a87daad8.jpg/resize/208x208/,https://www.shop.mts.ru/product/smartfon-mts-smart-pro-black,3.6,3,none
לעס,סלאנעפמם,לעס,smart,pro red,0,0,2990,https://mtscdn.ru/upload/iblock/707/7077558ebdfda9a2782d9123fa62fc9a.jpg/resize/208x208/,https://www.shop.mts.ru/product/smartfon-mts-smart-pro-red,3.6,3,none
לעס,סלאנעפמם,bright&quick,bq-4028 up,black,0,0,990,https://mtscdn.ru/upload/iblock/e7c/smartfon_bright_quick_bq_4028_up_black_1.jpg/resize/208x208/,https://www.shop.mts.ru/product/smartfon-bright-quick-bq-4028-up-black,3.5,3,none
לעס,סלאנעפמם,alcatel,1 5033d,black,0,8,3490,https://mtscdn.ru/upload/iblock/0f9/smartfon_alcatel_1_5033d_black_0.jpg/resize/208x208/,https://www.shop.mts.ru/product/smartfon-alcatel-1-5033d-8gb-black,4.5,4,none
לעס,סלאנעפמם,alcatel,1 5033d,blue,0,8,3490,https://mtscdn.ru/upload/iblock/e5a/smartfon_alcatel_1_5033d_8gb_blue_1.jpg/resize/208x208/,https://www.shop.mts.ru/product/smartfon-alcatel-1-5033d-8gb-blue,4.5,4,none
לעס,סלאנעפמם,alcatel,1 5033d,gold,0,8,3490,https://mtscdn.ru/upload/iblock/133/smartfon_alcatel_1_5033d_8gb_gold_1.jpg/resize/208x208/,https://www.shop.mts.ru/product/smartfon-alcatel-1-5033d-8gb-gold,4.5,4,none
לעס,סלאנעפמם,vivo,y91c,sunset red,2,32,7990,https://mtscdn.ru/upload/iblock/ceb/smartfon_vivo_y91c_2_32gb_red.jpg/resize/208x208/,https://www.shop.mts.ru/product/smartfon-vivo-y91c-2-32gb-red,4.8,4,none
לעס,סלאנעפמם,samsung,galaxy s10 plus,אךגאלאנטם,8,128,59990,https://mtscdn.ru/upload/iblock/75a/s10_plus_green.jpg/resize/208x208/,https://www.shop.mts.ru/product/smartfon-samsung-g975-galaxy-s10-plus-8-128gb-akvamarin,5.0,5,none
לעס,סלאנעפמם,huawei,y5 lite,modern black,1,16,5490,https://mtscdn.ru/upload/iblock/ee2/smartfon_huawei_y5_lite_1_16gb_modern_black.jpg/resize/208x208/,https://www.shop.mts.ru/product/smartfon-huawei-y5-lite-1-16gb-modern-black,2.0,2,none
לעס,סלאנעפמם,huawei,y6,black,2,32,7990,https://mtscdn.ru/upload/iblock/3e5/huawei_y6_black.jpg/resize/208x208/,https://www.shop.mts.ru/product/smartfon-huawei-y6-2019-2-32gb-black,5.0,5,none
לעס,סלאנעפמם,huawei,y6,blue,2,32,7990,https://mtscdn.ru/upload/iblock/5fd/huawei_y6_blue.jpg/resize/208x208/,https://www.shop.mts.ru/product/smartfon-huawei-y6-2019-2-32gb-blue,5.0,5,none
לעס,סלאנעפמם,huawei,y6,brown,2,32,7990,https://mtscdn.ru/upload/iblock/f3c/huawei_y6_brown.jpg/resize/208x208/,https://www.shop.mts.ru/product/smartfon-huawei-y6-2019-2-32gb-brown,5.0,5,none
לעס,סלאנעפמם,honor,10i,phantom blue,4,128,14990,https://mtscdn.ru/upload/iblock/5be/honor_10i_phantom_blue.jpg/resize/208x208/,https://www.shop.mts.ru/product/smartfon-honor-10i-4-128gb-phantom-blue,4.8,4,none
לעס,סלאנעפמם,huawei,p30 pro,aurora,8,256,47990,https://mtscdn.ru/upload/iblock/7b6/smartfon_huawei_p30_pro_8_256gb_aurora.jpg/resize/208x208/,https://www.shop.mts.ru/product/smartfon-huawei-p30-pro-8-256gb-aurora,4.7,4,none
לעס,סלאנעפמם,huawei,p30 lite,black,4,128,15990,https://mtscdn.ru/upload/iblock/796/smartfon_huawei_p30_lite_4_128gb_black.jpg/resize/208x208/,https://www.shop.mts.ru/product/smartfon-huawei-p30-lite-4-128gb-black,4.5,4,none
לעס,סלאנעפמם,huawei,y5,blue,2,32,7990,https://mtscdn.ru/upload/iblock/dbb/huawei_y5_blue.jpg/resize/208x208/,https://www.shop.mts.ru/product/smartfon-huawei-y5-2019-2-16gb-blue,5.0,5,none
לעס,סלאנעפמם,huawei,y5,brown,2,32,7990,https://mtscdn.ru/upload/iblock/950/smartfon_huawei_y5_2019_2_16gb_brown.jpg/resize/208x208/,https://www.shop.mts.ru/product/smartfon-huawei-y5-2019-2-16gb-brown,5.0,5,none
לעס,סלאנעפמם,huawei,p smart z,black,4,64,13990,https://mtscdn.ru/upload/iblock/5bb/smartfon_huawei_p_smart_z_4_64_gb_black.jpg/resize/208x208/,https://www.shop.mts.ru/product/smartfon-huawei-p-smart-z-4-64-gb-black,4.7,4,none
לעס,סלאנעפמם,huawei,p smart z,blue,4,64,13990,https://mtscdn.ru/upload/iblock/0b9/smartfon_huawei_p_smart_z_4_64_gb_blue.jpg/resize/208x208/,https://www.shop.mts.ru/product/smartfon-huawei-p-smart-z-4-64-gb-blue,4.7,4,none
לעס,סלאנעפמם,huawei,p smart z,green,4,64,13990,https://mtscdn.ru/upload/iblock/5c8/smartfon_huawei_p_smart_z_4_64_gb_green.jpg/resize/208x208/,https://www.shop.mts.ru/product/smartfon-huawei-p-smart-z-4-64-gb-green,4.7,4,none
לעס,סלאנעפמם,huawei,y6,modern black,2,32,7990,https://mtscdn.ru/upload/iblock/764/smartfon_huawei_y6_2019_2_32gb_modern_black.jpg/resize/208x208/,https://www.shop.mts.ru/product/smartfon-huawei-y6-2019-2-32gb-modern-black,5.0,5,none
לעס,סלאנעפמם,לעס,smart line,black,1,8,2790,https://mtscdn.ru/upload/iblock/5b0/smartfon_mts_smart_line_1_8gb_black_1.jpg/resize/208x208/,https://www.shop.mts.ru/product/smartfon-mts-smart-line-1-8gb-black,4.1,4,none
לעס,סלאנעפמם,xiaomi,redmi note 8t,starscape blue,4,64,13990,https://mtscdn.ru/upload/iblock/c6a/smartfon_xiaomi_redmi_note_8t_3_32gb_starscape_blue.jpg/resize/208x208/,https://www.shop.mts.ru/product/smartfon-xiaomi-redmi-note-8t-4-64gb-starscape-blue,4.3,4,none
לעס,סלאנעפמם,samsung,galaxy a20s,black,3,32,11990,https://mtscdn.ru/upload/iblock/f15/smartfon_samsung_a207_galaxy_a20s_3_32gb_black.jpg/resize/208x208/,https://www.shop.mts.ru/product/smartfon-samsung-a207-galaxy-a20s-3-32gb-black,5.0,5,none
לעס,סלאנעפמם,xiaomi,redmi note 8t,starscape blue,3,32,11990,https://mtscdn.ru/upload/iblock/efd/smartfon_xiaomi_redmi_note_8t_3_32gb_starscape_blue.jpg/resize/208x208/,https://www.shop.mts.ru/product/smartfon-xiaomi-redmi-note-8t-3-32gb-starscape-blue,4.3,4,none
לעס,סלאנעפמם,samsung,galaxy a31,red,4,64,16990,https://mtscdn.ru/upload/iblock/76d/smartfon_samsung_a315_galaxy_a31_4_128gb_red.jpg/resize/208x208/,https://www.shop.mts.ru/product/smartfon-samsung-a315-galaxy-a31-4-64gb-red,5.0,5,none
לעס,סלאנעפמם,honor,8s prime,blue,3,64,8990,https://mtscdn.ru/upload/iblock/44d/blue_fornt.png/resize/208x208/,https://www.shop.mts.ru/product/smartfon-honor-8s-prime-3-64gb-blue,5.0,5,none
לעס,סלאנעפמם,honor,8s prime,green,3,64,8990,https://mtscdn.ru/upload/iblock/db2/bez-nazvaniya-_5_.png/resize/208x208/,https://www.shop.mts.ru/product/smartfon-honor-8s-prime-3-64gb-green,5.0,5,none
לעס,סלאנעפמם,huawei,p30 pro,lavender,8,256,47990,https://mtscdn.ru/upload/iblock/dba/smartfon_huawei_p30_pro_8_256gb_lavender.jpg/resize/208x208/,https://www.shop.mts.ru/product/smartfon-huawei-p30-pro-8-256gb-lavender,4.7,4,none
לעס,סלאנעפמם,samsung,galaxy s10 lite,white,6,128,44990,https://mtscdn.ru/upload/iblock/48e/smartfon_samsung_g770_galaxy_s10_lite_6_128gb_white_1.jpg/resize/208x208/,https://www.shop.mts.ru/product/smartfon-samsung-g770-galaxy-s10-lite-6-128gb-white,5.0,5,none
לעס,סלאנעפמם,samsung,galaxy s20,red,8,128,59990,https://mtscdn.ru/upload/iblock/ba2/s20_red.jpg/resize/208x208/,https://www.shop.mts.ru/product/smartfon-samsung-g980-galaxy-s20-5g-8-128gb-red,5.0,5,none
לעס,סלאנעפמם,huawei,p40 lite,midnight black,6,128,17990,https://mtscdn.ru/upload/iblock/8f8/smartfon_huawei_p40_lite_6_128gb_midnight_black.jpg/resize/208x208/,https://www.shop.mts.ru/product/smartfon-huawei-p40-lite-6-128gb-midnight-black,4.8,4,none
לעס,סלאנעפמם,huawei,p40 lite,crush green,6,128,17990,https://mtscdn.ru/upload/iblock/06e/smartfon_huawei_p40_lite_6_128gb_crush_green.jpg/resize/208x208/,https://www.shop.mts.ru/product/smartfon-huawei-p40-lite-6-128gb-crush-green,4.8,4,none
לעס,סלאנעפמם,huawei,p40 lite e,midnight black,4,64,12990,https://mtscdn.ru/upload/iblock/2f4/smartfon_huawei_p40_lite_e_4_64gb_midnight_black.jpg/resize/208x208/,https://www.shop.mts.ru/product/smartfon-huawei-p40-lite-e-4-64gb-midnight-black,4.8,4,none
לעס,סלאנעפמם,huawei,y7,purple,4,64,10990,https://mtscdn.ru/upload/iblock/501/smartfon_huawei_y7_2019_4_64gb_purple_2.jpg/resize/208x208/,https://www.shop.mts.ru/product/smartfon-huawei-y7-2019-4-64gb-purple,0,0,none
לעס,סלאנעפמם,samsung,galaxy a31,red,4,128,18990,https://mtscdn.ru/upload/iblock/dd1/smartfon_samsung_a315_galaxy_a31_4_128gb_red.jpg/resize/208x208/,https://www.shop.mts.ru/product/smartfon-samsung-a315-galaxy-a31-4-128gb-red,5.0,5,none
לעס,סלאנעפמם,samsung,galaxy a31,white,4,128,18990,https://mtscdn.ru/upload/iblock/595/smartfon_samsung_a315_galaxy_a31_4_64gb_white_1.jpg/resize/208x208/,https://www.shop.mts.ru/product/smartfon-samsung-a315-galaxy-a31-4-128gb-white,5.0,5,none
לעס,סלאנעפמם,samsung,galaxy a31,black,4,64,16990,https://mtscdn.ru/upload/iblock/aea/smartfon_samsung_a315_galaxy_a31_4_128gb_black.jpg/resize/208x208/,https://www.shop.mts.ru/product/smartfon-samsung-a315-galaxy-a31-4-64gb-black,5.0,5,none
לעס,סלאנעפמם,samsung,galaxy a31,white,4,64,16990,https://mtscdn.ru/upload/iblock/83d/smartfon_samsung_a315_galaxy_a31_4_64gb_white_1.jpg/resize/208x208/,https://www.shop.mts.ru/product/smartfon-samsung-a315-galaxy-a31-4-64gb-white,5.0,5,none
לעס,סלאנעפמם,honor,7a prime,green,2,32,7990,https://mtscdn.ru/upload/iblock/253/bez-nazvaniya-_13_.png/resize/208x208/,https://www.shop.mts.ru/product/smartfon-honor-7a-prime-2-32gb-green,4.3,4,none
לעס,סלאנעפמם,oppo,reno3,blue,8,128,25990,https://mtscdn.ru/upload/iblock/a1d/lisa_auroralblack_800x800_fb.jpg/resize/208x208/,https://www.shop.mts.ru/product/smartfon-oppo-reno3-8-128gb-blue,5.0,5,none
לעס,סלאנעפמם,apple,iphone se,black,0,64,38890,https://mtscdn.ru/upload/iblock/112/smartfon_apple_iphone_se_2020_64gb_black_1.jpg/resize/208x208/,https://www.shop.mts.ru/product/smartfon-apple-iphone-se-2020-64gb-black,4.8,4,none
לעס,סלאנעפמם,apple,iphone se,red,0,64,38890,https://mtscdn.ru/upload/iblock/f81/smartfon_apple_iphone_se_2020_64gb_red_1.jpg/resize/208x208/,https://www.shop.mts.ru/product/smartfon-apple-iphone-se-2020-64gb-red,4.9,4,none
לעס,סלאנעפמם,apple,iphone se,black,0,128,41890,https://mtscdn.ru/upload/iblock/e5f/smartfon_apple_iphone_se_2020_64gb_black_1.jpg/resize/208x208/,https://www.shop.mts.ru/product/smartfon-apple-iphone-se-2020-128gb-black,4.8,4,none
לעס,סלאנעפמם,apple,iphone se,white,0,128,41890,https://mtscdn.ru/upload/iblock/8f9/smartfon_apple_iphone_se_2020_64gb_white_1.jpg/resize/208x208/,https://www.shop.mts.ru/product/smartfon-apple-iphone-se-2020-128gb-white,5.0,5,none
לעס,סלאנעפמם,apple,iphone se,red,0,128,41890,https://mtscdn.ru/upload/iblock/670/smartfon_apple_iphone_se_2020_64gb_red_1.jpg/resize/208x208/,https://www.shop.mts.ru/product/smartfon-apple-iphone-se-2020-128gb-red,5.0,5,none
לעס,סלאנעפמם,apple,iphone se,black,0,256,50490,https://mtscdn.ru/upload/iblock/23e/smartfon_apple_iphone_se_2020_64gb_black_1.jpg/resize/208x208/,https://www.shop.mts.ru/product/smartfon-apple-iphone-se-2020-256gb-black,4.8,4,none
לעס,סלאנעפמם,apple,iphone se,red,0,256,50490,https://mtscdn.ru/upload/iblock/e82/smartfon_apple_iphone_se_2020_64gb_red_1.jpg/resize/208x208/,https://www.shop.mts.ru/product/smartfon-apple-iphone-se-2020-256gb-red,5.0,5,none
לעס,סלאנעפמם,realme,c3,blue,3,64,9990,https://mtscdn.ru/upload/iblock/39f/11.jpg/resize/208x208/,https://www.shop.mts.ru/product/smartfon-realme-c3-3-64gb-blue,5.0,5,none
לעס,סלאנעפמם,samsung,galaxy a41,black,4,64,18990,https://mtscdn.ru/upload/iblock/13d/smartfon_samsung_a415_galaxy_a41_4_64gb_black.jpg/resize/208x208/,https://www.shop.mts.ru/product/smartfon-samsung-a415-galaxy-a41-4-64gb-black,3.3,3,none
לעס,סלאנעפמם,samsung,galaxy a41,red,4,64,18990,https://mtscdn.ru/upload/iblock/272/smartfon_samsung_a415_galaxy_a41_4_64gb_red.jpg/resize/208x208/,https://www.shop.mts.ru/product/smartfon-samsung-a415-galaxy-a41-4-64gb-red,3.3,3,none
לעס,סלאנעפמם,samsung,galaxy a41,white,4,64,18990,https://mtscdn.ru/upload/iblock/f8d/smartfon_samsung_a415_galaxy_a41_4_64gb_white_1.jpg/resize/208x208/,https://www.shop.mts.ru/product/smartfon-samsung-a415-galaxy-a41-4-64gb-white,3.3,3,none
לעס,סלאנעפמם,honor,9s,blue,2,32,6990,https://mtscdn.ru/upload/iblock/cdb/img_8291.jpg/resize/208x208/,https://www.shop.mts.ru/product/smartfon-honor-9s-2-32gb-blue,4.9,4,none
לעס,סלאנעפמם,honor,8s prime,black,3,64,8990,https://mtscdn.ru/upload/iblock/20c/bez-nazvaniya-_5_.png/resize/208x208/,https://www.shop.mts.ru/product/smartfon-honor-8s-prime-3-64gb-black,5.0,5,none
לעס,סלאנעפמם,samsung,galaxy s20,grey,8,128,59990,https://mtscdn.ru/upload/iblock/33a/smartfon_samsung_g980_galaxy_s20_5g_8_128gb_grey.jpg/resize/208x208/,https://www.shop.mts.ru/product/smartfon-samsung-g980-galaxy-s20-5g-8-128gb-grey,5.0,5,none
לעס,סלאנעפמם,honor,7a prime,blue,2,32,7990,https://mtscdn.ru/upload/iblock/3b3/bez-nazvaniya-_12_.png/resize/208x208/,https://www.shop.mts.ru/product/smartfon-honor-7a-prime-2-32gb-blue,4.3,4,none
לעס,סלאנעפמם,huawei,y6s,starry black,3,64,8990,https://mtscdn.ru/upload/iblock/fb9/smartfon_huawei_y6s_3_64gb_starry_black_1.jpg/resize/208x208/,https://www.shop.mts.ru/product/smartfon-huawei-y6s-3-64gb-starry-black,0,0,none
לעס,סלאנעפמם,samsung,galaxy a01,black,2,16,6990,https://mtscdn.ru/upload/iblock/067/smartfon_samsung_a015_galaxy_a01_2_16gb_black.jpg/resize/208x208/,https://www.shop.mts.ru/product/smartfon-samsung-a015-galaxy-a01-2-16gb-black,5.0,5,none
לעס,סלאנעפמם,samsung,galaxy a01,blue,2,16,6990,https://mtscdn.ru/upload/iblock/a82/smartfon_samsung_a015_galaxy_a01_2_16gb_blue_1.jpg/resize/208x208/,https://www.shop.mts.ru/product/smartfon-samsung-a015-galaxy-a01-2-16gb-blue,5.0,5,none
לעס,סלאנעפמם,samsung,galaxy a01,red,2,16,6990,https://mtscdn.ru/upload/iblock/838/smartfon_samsung_a015_galaxy_a01_2_16gb_red.jpg/resize/208x208/,https://www.shop.mts.ru/product/smartfon-samsung-a015-galaxy-a01-2-16gb-red,5.0,5,none
לעס,סלאנעפמם,samsung,galaxy a51,red,4,64,19990,https://mtscdn.ru/upload/iblock/3dc/smartfon_samsung_a515_galaxy_a51_4_64gb_red.jpg/resize/208x208/,https://www.shop.mts.ru/product/smartfon-samsung-a515-galaxy-a51-4-64gb-red,3.7,3,none
לעס,סלאנעפמם,samsung,galaxy a51,white,4,64,19990,https://mtscdn.ru/upload/iblock/ffd/smartfon_samsung_a515_galaxy_a51_4_64gb_white_1.jpg/resize/208x208/,https://www.shop.mts.ru/product/smartfon-samsung-a515-galaxy-a51-4-64gb-white,3.7,3,none
לעס,סלאנעפמם,samsung,galaxy a51,red,6,128,22990,https://mtscdn.ru/upload/iblock/f68/smartfon_samsung_a515_galaxy_a51_4_64gb_red.jpg/resize/208x208/,https://www.shop.mts.ru/product/smartfon-samsung-a515-galaxy-a51-6-128gb-red,3.8,3,none
לעס,סלאנעפמם,samsung,galaxy a51,white,6,128,22990,https://mtscdn.ru/upload/iblock/bc3/smartfon_samsung_a515_galaxy_a51_4_64gb_white_1.jpg/resize/208x208/,https://www.shop.mts.ru/product/smartfon-samsung-a515-galaxy-a51-6-128gb-white,3.7,3,none
לעס,סלאנעפמם,samsung,galaxy a71,blue,6,128,29990,https://mtscdn.ru/upload/iblock/406/smartfon_samsung_a715_galaxy_a71_6_128gb_blue.jpg/resize/208x208/,https://www.shop.mts.ru/product/smartfon-samsung-a715-galaxy-a71-6-128gb-blue,4.7,4,none
לעס,סלאנעפמם,samsung,galaxy s10 lite,black,6,128,44990,https://mtscdn.ru/upload/iblock/b96/smartfon_samsung_g770_galaxy_s10_lite_6_128gb_black.jpg/resize/208x208/,https://www.shop.mts.ru/product/smartfon-samsung-g770-galaxy-s10-lite-6-128gb-black,5.0,5,none
לעס,סלאנעפמם,samsung,galaxy s10 lite,blue,6,128,44990,https://mtscdn.ru/upload/iblock/6f8/smartfon_samsung_g770_galaxy_s10_lite_6_128gb_blue.jpg/resize/208x208/,https://www.shop.mts.ru/product/smartfon-samsung-g770-galaxy-s10-lite-6-128gb-blue,5.0,5,none
לעס,סלאנעפמם,samsung,galaxy note10 lite,black,6,128,39990,https://mtscdn.ru/upload/iblock/781/smartfon_samsung_n770_galaxy_note_10_lite_6_128gb_black.jpg/resize/208x208/,https://www.shop.mts.ru/product/smartfon-samsung-n770-galaxy-note-10-lite-6-128gb-black,4.8,4,none
לעס,סלאנעפמם,samsung,galaxy note10 lite,aura,6,128,39990,https://mtscdn.ru/upload/iblock/b14/smartfon_samsung_n770_galaxy_note_10_lite_6_128gb_aura.jpg/resize/208x208/,https://www.shop.mts.ru/product/smartfon-samsung-n770-galaxy-note-10-lite-6-128gb-aura,4.8,4,none
לעס,סלאנעפמם,honor,7a prime,black,2,32,7990,https://mtscdn.ru/upload/iblock/231/bez-nazvaniya.png/resize/208x208/,https://www.shop.mts.ru/product/smartfon-honor-7a-prime-2-32gb-black,4.3,4,none
לעס,סלאנעפמם,samsung,galaxy note10 lite,red,6,128,39990,https://mtscdn.ru/upload/iblock/3b4/smartfon_samsung_n770_galaxy_note_10_lite_6_128gb_red_1.jpg/resize/208x208/,https://www.shop.mts.ru/product/smartfon-samsung-n770-galaxy-note-10-lite-6-128gb-red,4.8,4,none
לעס,סלאנעפמם,honor,9s,red,2,32,6990,https://mtscdn.ru/upload/iblock/88d/smartfon_honor_9s_2_32gb_red_6.jpg/resize/208x208/,https://www.shop.mts.ru/product/smartfon-honor-9s-2-32gb-red,4.9,4,none
לעס,סלאנעפמם,honor,7s,black,1,16,5990,https://mtscdn.ru/upload/iblock/ee4/smartfon_honor_7s_1_16gb_black_1.jpg/resize/208x208/,https://www.shop.mts.ru/product/smartfon-honor-7s-1-16gb-black,4.4,4,none
לעס,סלאנעפמם,honor,20 lite,midnight black,4,128,16990,https://mtscdn.ru/upload/iblock/9ea/smartfon_honor_20_lite_4_128gb_midnight_black_1.jpg/resize/208x208/,https://www.shop.mts.ru/product/smartfon-honor-20-lite-4-128gb-midnight-black,4.8,4,none
לעס,סלאנעפמם,honor,7s,gold,1,16,5990,https://mtscdn.ru/upload/iblock/58a/smartfon_honor_7s_1_16gb_gold_1.jpg/resize/208x208/,https://www.shop.mts.ru/product/smartfon-honor-7s-1-16gb-gold,4.4,4,none
לעס,סלאנעפמם,alcatel,1a 5002f,pine green,1,16,4990,https://mtscdn.ru/upload/iblock/22f/smartfon_alcatel_1a_5002f_1_16gb_pine_green_1.jpg/resize/208x208/,https://www.shop.mts.ru/product/smartfon-alcatel-1a-5002f-1-16gb-pine-green,4.8,4,none
לעס,סלאנעפמם,alcatel,1a 5002f,prime black,1,16,4990,https://mtscdn.ru/upload/iblock/bbf/smartfon_alcatel_1a_5002f_1_16gb_black_1.jpg/resize/208x208/,https://www.shop.mts.ru/product/smartfon-alcatel-1a-5002f-1-16gb-prime-black,4.8,4,none
לעס,סלאנעפמם,honor,20 lite,pearl white,4,128,16990,https://mtscdn.ru/upload/iblock/ad9/smartfon_honor_20_lite_4_128gb_pearl_white_6.jpg/resize/208x208/,https://www.shop.mts.ru/product/smartfon-honor-20-lite-4-128gb-pearl-white,4.8,4,none
לעס,סלאנעפמם,honor,20 lite,peacock blue,4,128,16990,https://mtscdn.ru/upload/iblock/815/smartfon_honor_20_lite_4_128gb_peacock_blue_1.jpg/resize/208x208/,https://www.shop.mts.ru/product/smartfon-honor-20-lite-4-128gb-peacock-blue,4.8,4,none
לעס,סלאנעפמם,honor,9x,sapphire green,4,128,13990,https://mtscdn.ru/upload/iblock/794/1.jpg/resize/208x208/,https://www.shop.mts.ru/product/smartfon-honor-9x-4-128gb-sapphire-green,4.9,4,none
לעס,סלאנעפמם,huawei,y6s,orchid blue,3,64,8990,https://mtscdn.ru/upload/iblock/ad6/smartfon_huawei_y6s_3_64gb_orchid_blue_1.jpg/resize/208x208/,https://www.shop.mts.ru/product/smartfon-huawei-y6s-3-64gb-orchid-blue,0,0,none
לעס,סלאנעפמם,honor,8a prime,midnight black,3,64,9990,https://mtscdn.ru/upload/iblock/76e/smartfon_honor_8a_prime_3_64gb_midnight_black_1.jpg/resize/208x208/,https://www.shop.mts.ru/product/smartfon-honor-8a-prime-3-64gb-midnight-black,5.0,5,none
לעס,סלאנעפמם,honor,8a prime,navy blue,3,64,9990,https://mtscdn.ru/upload/iblock/dab/smartfon_honor_8a_prime_3_64_gb_navy_blue_1.jpg/resize/208x208/,https://www.shop.mts.ru/product/smartfon-honor-8a-prime-3-64gb-navy-blue,5.0,5,none
לעס,סלאנעפמם,honor,8a prime,emerald green,3,64,9990,https://mtscdn.ru/upload/iblock/f4f/smartfon_honor_8a_prime_3_64gb_emerald_green_1.jpg/resize/208x208/,https://www.shop.mts.ru/product/smartfon-honor-8a-prime-3-64gb-emerald-green,5.0,5,none
לעס,סלאנעפמם,honor,7s,blue,1,16,5990,https://mtscdn.ru/upload/iblock/25f/smartfon_honor_7s_1_16gb_blue_1.jpg/resize/208x208/,https://www.shop.mts.ru/product/smartfon-honor-7s-1-16gb-blue,4.4,4,none
לעס,סלאנעפמם,samsung,galaxy a51,blue,6,128,22990,https://mtscdn.ru/upload/iblock/c40/smartfon_samsung_a515_galaxy_a51_4_64gb_blue_1.jpg/resize/208x208/,https://www.shop.mts.ru/product/smartfon-samsung-a515-galaxy-a51-6-128gb-blue,3.8,3,none
לעס,סלאנעפמם,nokia,2.4,purple,3,64,10990,https://mtscdn.ru/upload/iblock/54c/11.jpg/resize/208x208/,https://www.shop.mts.ru/product/smartfon-nokia-2-4-3-64gb-purple,0,0,none
לעס,סלאנעפמם,nokia,2.4,blue,3,64,10990,https://mtscdn.ru/upload/iblock/3d0/11.jpg/resize/208x208/,https://www.shop.mts.ru/product/smartfon-nokia-2-4-3-64gb-blue,0,0,none
לעס,סלאנעפמם,nokia,2.4,grey,3,64,10990,https://mtscdn.ru/upload/iblock/71c/11.jpg/resize/208x208/,https://www.shop.mts.ru/product/smartfon-nokia-2-4-3-64gb-grey,0,0,none
לעס,סלאנעפמם,apple,iphone se,red,0,64,37790,https://mtscdn.ru/upload/iblock/feb/bez-nazvaniya.png/resize/208x208/,https://www.shop.mts.ru/product/smartfon-apple-iphone-se-2020-new-64gb-red,0,0,none
לעס,סלאנעפמם,oppo,reno4 lite,blue,8,128,24990,https://mtscdn.ru/upload/iblock/dc6/reno4_lite_blue_pp_3.jpg/resize/208x208/,https://www.shop.mts.ru/product/smartfon-oppo-reno4-lite-8-128gb-blue,5.0,5,none
לעס,סלאנעפמם,oppo,a12,blue,3,32,7990,https://mtscdn.ru/upload/iblock/4dc/0101_7406_min.png/resize/208x208/,https://www.shop.mts.ru/product/smartfon-oppo-a12-3-32gb-blue,5.0,5,none
לעס,סלאנעפמם,oppo,a12,black,3,32,7990,https://mtscdn.ru/upload/iblock/ade/0101_7405_min.png/resize/208x208/,https://www.shop.mts.ru/product/smartfon-oppo-a12-3-32gb-black,5.0,5,none
לעס,סלאנעפמם,apple,iphone se,black,0,128,41890,https://mtscdn.ru/upload/iblock/621/bez-nazvaniya.png/resize/208x208/,https://www.shop.mts.ru/product/smartfon-apple-iphone-se-2020-new-128gb-black,0,0,none
לעס,סלאנעפמם,oppo,a53,blue,4,64,12990,https://mtscdn.ru/upload/iblock/bca/a53_blue_pp.jpg/resize/208x208/,https://www.shop.mts.ru/product/smartfon-oppo-a53-4-64gb-blue,5.0,5,none
לעס,סלאנעפמם,apple,iphone se,white,0,256,51990,https://mtscdn.ru/upload/iblock/89c/bez-nazvaniya.png/resize/208x208/,https://www.shop.mts.ru/product/smartfon-apple-iphone-se-2020-new-256gb-white,0,0,none
לעס,סלאנעפמם,samsung,galaxy a51,blue,4,64,19990,https://mtscdn.ru/upload/iblock/df2/smartfon_samsung_a515_galaxy_a51_4_64gb_blue_1.jpg/resize/208x208/,https://www.shop.mts.ru/product/smartfon-samsung-a515-galaxy-a51-4-64gb-blue,3.9,3,none
לעס,סלאנעפמם,apple,iphone se,white,0,64,37790,https://mtscdn.ru/upload/iblock/3fd/bez-nazvaniya.png/resize/208x208/,https://www.shop.mts.ru/product/smartfon-apple-iphone-se-2020-new-64gb-white,0,0,none
לעס,סלאנעפמם,apple,iphone se,black,0,64,37790,https://mtscdn.ru/upload/iblock/ed7/bez-nazvaniya.png/resize/208x208/,https://www.shop.mts.ru/product/smartfon-apple-iphone-se-2020-new-64gb-black,0,0,none
